"$Textkey";"$Subkey";"$English";"$German";"$French";"$Spanish";"$Portuguese";"$Chinese";"$Local1";"$Local2";"$Unicode1";"$Unicode2"
"T02_PLCALS_0001";"message";"ID_0001 HW: fuse monitoring circuit breaker power supply";"";"";"";"";"ID_0001硬件：熔断器监控断路器电源";"";"";"";""
"T02_PLCALS_0002";"message";"ID_0002 HW: fuse monitoring 24V supply general";"";"";"";"";"ID_0002 HW：保险丝监控24V电源一般";"";"";"";""
"T02_PLCALS_0003";"message";"ID_0003 HW: fuse monitoring 230V supply";"";"";"";"";"ID_0003硬件：保险丝监控230V电源";"";"";"";""
"T02_PLCALS_0004";"message";"ID_0004 HW: fuse monitoring spare";"";"";"";"";"ID_0004硬件：熔断器监控备件";"";"";"";""
"T02_PLCALS_0005";"message";"ID_0005 HW: fuse monitoring spare";"";"";"";"";"ID_0005硬件：熔断器监控备件";"";"";"";""
"T02_PLCALS_0006";"message";"ID_0006 HW: fuse monitoring spare";"";"";"";"";"ID_0006硬件：熔断器监控备件";"";"";"";""
"T02_PLCALS_0007";"message";"ID_0007 HW: fuse monitoring 24V supply field bus";"";"";"";"";"ID_0007硬件：熔断器监控 24V 电源现场总线";"";"";"";""
"T02_PLCALS_0008";"message";"ID_0008 HW: fuse monitoring 24V supply I/O modules";"";"";"";"";"ID_0008硬件：保险丝监控 24V 电源 I/O 模块";"";"";"";""
"T02_PLCALS_0009";"message";"ID_0009 HW: fuse monitoring spare";"";"";"";"";"ID_0009硬件：熔断器监控备件";"";"";"";""
"T02_PLCALS_0010";"message";"ID_0010 HW: fuse monitoring 24V supply proportional valves";"";"";"";"";"ID_0010 HW：熔断器监控 24V 电源比例阀";"";"";"";""
"T02_PLCALS_0011";"message";"ID_0011 HW: fuse monitoring spare";"";"";"";"";"ID_0011硬件：熔断器监控备件";"";"";"";""
"T02_PLCALS_0012";"message";"ID_0012 HW: fuse monitoring spare";"";"";"";"";"ID_0012硬件：熔断器监控备件";"";"";"";""
"T02_PLCALS_0013";"message";"ID_0013 HW: fuse monitoring spare";"";"";"";"";"ID_0013硬件：熔断器监控备件";"";"";"";""
"T02_PLCALS_0014";"message";"ID_0014 HW: fuse monitoring spare";"";"";"";"";"ID_0014硬件：熔断器监控备件";"";"";"";""
"T02_PLCALS_0015";"message";"ID_0015 HW: fuse monitoring spare";"";"";"";"";"ID_0015硬件：熔断器监控备件";"";"";"";""
"T02_PLCALS_0016";"message";"ID_0016 HW: collective fault fuses";"";"";"";"";"ID_0016硬件：集体故障保险丝";"";"";"";""
"T02_PLCALS_0017";"message";"ID_0017 SAFETY: emergency stop general";"";"";"";"";"ID_0017 安全：急停一般";"";"";"";""
"T02_PLCALS_0018";"message";"ID_0018 SAFETY: emergency stop button operation desk";"";"";"";"";"ID_0018 安全：急停按钮操作台";"";"";"";""
"T02_PLCALS_0019";"message";"ID_0019 SAFETY: emergency stop button spare";"";"";"";"";"ID_0019 安全：急停按钮备用";"";"";"";""
"T02_PLCALS_0020";"message";"ID_0020 SAFETY: emergency stop button spare";"";"";"";"";"ID_0020 安全：急停按钮备用";"";"";"";""
"T02_PLCALS_0021";"message";"ID_0021 SAFETY: emergency stop button spare";"";"";"";"";"ID_0021 安全：急停按钮备用";"";"";"";""
"T02_PLCALS_0022";"message";"ID_0022 fire alarm";"";"";"";"";"ID_0022火灾报警器";"";"";"";""
"T02_PLCALS_0023";"message";"ID_0023 HW: error ventilation paint systems";"";"";"";"";"ID_0023硬件：错误通风涂料系统";"";"";"";""
"T02_PLCALS_0024";"message";"ID_0024 HW: error ventilation application station";"";"";"";"";"ID_0024硬件：错误通风应用站";"";"";"";""
"T02_PLCALS_0025";"message";"ID_0025 HW: level container 1 waste solvent too high";"";"";"";"";"ID_0025硬件：水平容器1废溶剂过高";"";"";"";""
"T02_PLCALS_0026";"message";"ID_0026 HW: level container 2 waste solvent too high";"";"";"";"";"ID_0026硬件：容器2级废溶剂过高";"";"";"";""
"T02_PLCALS_0027";"message";"ID_0027 HW: level externalcontainer waste solvent too high";"";"";"";"";"ID_0027硬件：外部容器废溶剂液位过高";"";"";"";""
"T02_PLCALS_0028";"message";"ID_0028 HW: spare";"";"";"";"";"ID_0028 硬件：备用";"";"";"";""
"T02_PLCALS_0029";"message";"ID_0029 HW: spare";"";"";"";"";"ID_0029 硬件：备用";"";"";"";""
"T02_PLCALS_0030";"message";"ID_0030 HW: fault communication with paint mix room";"";"";"";"";"ID_0030硬件：与油漆混合室进行故障通信";"";"";"";""
"T02_PLCALS_0031";"message";"ID_0031 HW: fault communication with paint management system";"";"";"";"";"ID_0031硬件：与涂料管理系统的故障通信";"";"";"";""
"T02_PLCALS_0032";"message";"ID_0032 HW: fault communication with stock management system";"";"";"";"";"ID_0032硬件：与库存管理系统进行故障通信";"";"";"";""
"T02_PLCALS_0033";"message";"ID_0033 HW: fault communication with conveyor system";"";"";"";"";"ID_0033硬件：与输送系统进行故障通信";"";"";"";""
"T02_PLCALS_0034";"message";"ID_0034 HW: fault communication with MACC station";"";"";"";"";"ID_0034硬件：与MACC站的故障通信";"";"";"";""
"T02_PLCALS_0035";"message";"ID_0035 HW: fault communication with robot station AIR";"";"";"";"";"ID_0035硬件：与机器人站AIR的故障通信";"";"";"";""
"T02_PLCALS_0036";"message";"ID_0036 HW: fault communication with robot station ESTA";"";"";"";"";"ID_0036硬件：与机器人站 ESTA 的故障通信";"";"";"";""
"T02_PLCALS_0037";"message";"ID_0037 HW: fault communication spare";"";"";"";"";"ID_0037硬件：故障通信备用";"";"";"";""
"T02_PLCALS_0038";"message";"ID_0038 HW: external type number off range";"";"";"";"";"ID_0038 HW：外部类型编号关闭范围";"";"";"";""
"T02_PLCALS_0039";"message";"ID_0039 HW: external color number off range";"";"";"";"";"ID_0039 HW：外部色号关闭范围";"";"";"";""
"T02_PLCALS_0040";"message";"ID_0040 HW: color group number off range";"";"";"";"";"ID_0040 HW： 颜色组数偏离范围";"";"";"";""
"T02_PLCALS_0041";"message";"ID_0041 HW: ring pipe number off range";"";"";"";"";"ID_0041 HW：环管数关范围";"";"";"";""
"T02_PLCALS_0042";"message";"ID_0042 HW: color valve number off range";"";"";"";"";"ID_0042 HW：彩色阀号关范围";"";"";"";""
"T02_PLCALS_0043";"message";"ID_0043 HW: no data received from central control system";"";"";"";"";"ID_0043硬件：无需从中央控制系统接收数据";"";"";"";""
"T02_PLCALS_0044";"message";"ID_0044 HW: type code not found";"";"";"";"";"ID_0044硬件：未找到类型代码";"";"";"";""
"T02_PLCALS_0045";"message";"ID_0045 HW: color code not found";"";"";"";"";"ID_0045硬件：未找到颜色代码";"";"";"";""
"T02_PLCALS_0046";"message";"ID_0046 HW: fault ventilation central rack";"";"";"";"";"ID_0046硬件：故障通风中央机架";"";"";"";""
"T02_PLCALS_0047";"message";"ID_0047 HW: temperature control cabinet exceeded";"";"";"";"";"ID_0047硬件：温度超过控制柜";"";"";"";""
"T02_PLCALS_0048";"message";"ID_0048 HW: up-/download application paint volumes not ok";"";"";"";"";"ID_0048硬件：向上/下载应用程序油漆卷不正常";"";"";"";""
"T02_PLCALS_0049";"message";"ID_0049 HW: up-/download cycle programs assignment paint systems not ok";"";"";"";"";"ID_0049硬件：启动/下载周期程序分配油漆系统不行";"";"";"";""
"T02_PLCALS_0050";"message";"ID_0050 HW: up-/download cleaning programs assignment main lines not ok";"";"";"";"";"ID_0050硬件：上传/下载清理程序分配主线不行";"";"";"";""
"T02_PLCALS_0051";"message";"ID_0051 HW: up-/download cycle programs not ok";"";"";"";"";"ID_0051硬件：向上/下载循环程序不正常";"";"";"";""
"T02_PLCALS_0052";"message";"ID_0052 HW: up-/download paint assignment not ok";"";"";"";"";"ID_0052硬件：向上/下载油漆分配不行";"";"";"";""
"T02_PLCALS_0053";"message";"ID_0053 HW: up-/download waste paint volumes not ok";"";"";"";"";"ID_0053硬件：向上/下载废油漆量不行";"";"";"";""
"T02_PLCALS_0054";"message";"ID_0054 HW: up-/download body assignment not ok";"";"";"";"";"ID_0054硬件：向上/下载正文分配不正常";"";"";"";""
"T02_PLCALS_0055";"message";"ID_0055 HW: up-/download scraper programs assignment main lines not ok";"";"";"";"";"ID_0055硬件：向上/下载刮刀程序分配主线不行";"";"";"";""
"T02_PLCALS_0056";"message";"ID_0056 HW: up-/download cycle programs assignment color distribution channels not ok";"";"";"";"";"ID_0056硬件：上/下载周期程序分配颜色分发渠道不行";"";"";"";""
"T02_PLCALS_0057";"message";"ID_0057 HW: up-/download zone parameters not ok";"";"";"";"";"ID_0057硬件：启动/下载区域参数不正常";"";"";"";""
"T02_PLCALS_0058";"message";"ID_0058 HW: up-/download spare";"";"";"";"";"ID_0058硬件：上传/下载备件";"";"";"";""
"T02_PLCALS_0059";"message";"ID_0059 HW: spare";"";"";"";"";"ID_0059 硬件：备用";"";"";"";""
"T02_PLCALS_0060";"message";"ID_0060 HW: spare";"";"";"";"";"ID_0060 硬件：备用";"";"";"";""
"T02_PLCALS_0061";"message";"ID_0061 HW: fault PLC battery";"";"";"";"";"ID_0061硬件：故障PLC电池";"";"";"";""
"T02_PLCALS_0062";"message";"ID_0062 paint volume tuning active";"";"";"";"";"ID_0062油漆体积调节处于活动状态";"";"";"";""
"T02_PLCALS_0063";"message";"ID_0063 fire pre warning";"";"";"";"";"ID_0063火灾预警";"";"";"";""
"T02_PLCALS_0064";"message";"ID_0064 HW: spare";"";"";"";"";"ID_0064 硬件：备用";"";"";"";""
"T02_PLCALS_0065";"message";"ID_0065 HW: spare";"";"";"";"";"ID_0065 硬件：备用";"";"";"";""
"T02_PLCALS_0066";"message";"ID_0066 HW: spare";"";"";"";"";"ID_0066 硬件：备用";"";"";"";""
"T02_PLCALS_0067";"message";"ID_0067 HW: collective fault field bus";"";"";"";"";"ID_0067硬件：集体故障现场总线";"";"";"";""
"T02_PLCALS_0068";"message";"ID_0068 HW: spare";"";"";"";"";"ID_0068 硬件：备用";"";"";"";""
"T02_PLCALS_0069";"message";"ID_0069 HW: collective fault general";"";"";"";"";"ID_0069 硬件：集合故障一般";"";"";"";""
"T02_PLCALS_0070";"message";"ID_0070 HW: fault comressed air infeed pneumatic cabinet";"";"";"";"";"ID_0070硬件：故障应变进气气动柜";"";"";"";""
"T02_PLCALS_0071";"message";"ID_0071 HW: fault comressed air infeed application station 1";"";"";"";"";"ID_0071硬件：故障应变进气应用站1";"";"";"";""
"T02_PLCALS_0072";"message";"ID_0072 HW: fault comressed air infeed application station 2";"";"";"";"";"ID_0072硬件：故障应变进风应用站2";"";"";"";""
"T02_PLCALS_0073";"message";"ID_0073 HW: fault comressed air infeed application station 3";"";"";"";"";"ID_0073硬件：故障应变进风应用站3";"";"";"";""
"T02_PLCALS_0074";"message";"ID_0074 HW: fault comressed air infeed application station 4";"";"";"";"";"ID_0074硬件：故障应变进气应用站4";"";"";"";""
"T02_PLCALS_0075";"message";"ID_0075 HW: fault comressed air infeed application station 5";"";"";"";"";"ID_0075硬件：故障应变进风应用站5";"";"";"";""
"T02_PLCALS_0076";"message";"ID_0076 HW: fault comressed air infeed application station 6";"";"";"";"";"ID_0076硬件：故障应变进气应用站6";"";"";"";""
"T02_PLCALS_0077";"message";"ID_0077 HW: fault comressed air infeed application station 7";"";"";"";"";"ID_0077硬件：故障应变进气应用站7";"";"";"";""
"T02_PLCALS_0078";"message";"ID_0078 HW: fault comressed air infeed application station 8";"";"";"";"";"ID_0078硬件：故障应变进气应用站8";"";"";"";""
"T02_PLCALS_0079";"message";"ID_0079 HW: fault comressed air infeed application station 9";"";"";"";"";"ID_0079硬件：故障应变进气应用站9";"";"";"";""
"T02_PLCALS_0080";"message";"ID_0080 HW: fault comressed air infeed application station 10";"";"";"";"";"ID_0080硬件：故障应变进风应用站10";"";"";"";""
"T02_PLCALS_0081";"message";"ID_0081 HW: fault comressed air infeed application station 11";"";"";"";"";"ID_0081硬件：故障应变进风应用站11";"";"";"";""
"T02_PLCALS_0082";"message";"ID_0082 HW: fault comressed air infeed application station 12";"";"";"";"";"ID_0082硬件：故障应变进风应用站12";"";"";"";""
"T02_PLCALS_0083";"message";"ID_0083 HW: fault comressed air infeed application station 13";"";"";"";"";"ID_0083硬件：故障应变进气应用站 13";"";"";"";""
"T02_PLCALS_0084";"message";"ID_0084 HW: fault comressed air infeed application station 14";"";"";"";"";"ID_0084硬件：故障应变进气应用站14";"";"";"";""
"T02_PLCALS_0085";"message";"ID_0085 HW: fault comressed air infeed application station 15";"";"";"";"";"ID_0085硬件：故障应变进气应用站 15";"";"";"";""
"T02_PLCALS_0086";"message";"ID_0086 HW: fault comressed air infeed application station 16";"";"";"";"";"ID_0086硬件：故障应变进气应用站 16";"";"";"";""
"T02_PLCALS_0087";"message";"ID_0087 HW: fault comressed air infeed application station 17";"";"";"";"";"ID_0087硬件：故障应变进气应用站 17";"";"";"";""
"T02_PLCALS_0088";"message";"ID_0088 HW: fault comressed air infeed application station 18";"";"";"";"";"ID_0088硬件：故障应变进气应用站 18";"";"";"";""
"T02_PLCALS_0089";"message";"ID_0089 HW: fault comressed air infeed application station 19";"";"";"";"";"ID_0089硬件：故障应变进气应用站 19";"";"";"";""
"T02_PLCALS_0090";"message";"ID_0090 HW: fault comressed air infeed application station 20";"";"";"";"";"ID_0090硬件：故障应变进风应用站20";"";"";"";""
"T02_PLCALS_0091";"message";"ID_0091 HW: fault solvent supply application station 1";"";"";"";"";"ID_0091硬件：故障溶剂供应应用站1";"";"";"";""
"T02_PLCALS_0092";"message";"ID_0092 HW: fault solvent supply application station 2";"";"";"";"";"ID_0092硬件：故障溶剂供应应用站2";"";"";"";""
"T02_PLCALS_0093";"message";"ID_0093 HW: fault solvent supply application station 3";"";"";"";"";"ID_0093硬件：故障溶剂供应应用站3";"";"";"";""
"T02_PLCALS_0094";"message";"ID_0094 HW: fault solvent supply application station 4";"";"";"";"";"ID_0094硬件：故障溶剂供应应用站4";"";"";"";""
"T02_PLCALS_0095";"message";"ID_0095 HW: fault solvent supply application station 5";"";"";"";"";"ID_0095硬件：故障溶剂供应应用站5";"";"";"";""
"T02_PLCALS_0096";"message";"ID_0096 HW: fault solvent supply application station 6";"";"";"";"";"ID_0096硬件：故障溶剂供应应用站6";"";"";"";""
"T02_PLCALS_0097";"message";"ID_0097 HW: fault solvent supply application station 7";"";"";"";"";"ID_0097硬件：故障溶剂供应应用站7";"";"";"";""
"T02_PLCALS_0098";"message";"ID_0098 HW: fault solvent supply application station 8";"";"";"";"";"ID_0098硬件：故障溶剂供应应用站8";"";"";"";""
"T02_PLCALS_0099";"message";"ID_0099 HW: fault solvent supply application station 9";"";"";"";"";"ID_0099硬件：故障溶剂供应应用站9";"";"";"";""
"T02_PLCALS_0100";"message";"ID_0100 HW: fault solvent supply application station 10";"";"";"";"";"ID_0100硬件：故障溶剂供应应用站10";"";"";"";""
"T02_PLCALS_0101";"message";"ID_0101 HW: fault solvent supply application station 11";"";"";"";"";"ID_0101硬件：故障溶剂供应应用站11";"";"";"";""
"T02_PLCALS_0102";"message";"ID_0102 HW: fault solvent supply application station 12";"";"";"";"";"ID_0102硬件：故障溶剂供应应用站12";"";"";"";""
"T02_PLCALS_0103";"message";"ID_0103 HW: fault solvent supply application station 13";"";"";"";"";"ID_0103硬件：故障溶剂供应应用站13";"";"";"";""
"T02_PLCALS_0104";"message";"ID_0104 HW: fault solvent supply application station 14";"";"";"";"";"ID_0104硬件：故障溶剂供应应用站14";"";"";"";""
"T02_PLCALS_0105";"message";"ID_0105 HW: fault solvent supply application station 15";"";"";"";"";"ID_0105硬件：故障溶剂供应应用站15";"";"";"";""
"T02_PLCALS_0106";"message";"ID_0106 HW: fault solvent supply application station 16";"";"";"";"";"ID_0106硬件：故障溶剂供应应用站16";"";"";"";""
"T02_PLCALS_0107";"message";"ID_0107 HW: fault solvent supply application station 17";"";"";"";"";"ID_0107硬件：故障溶剂供应应用站17";"";"";"";""
"T02_PLCALS_0108";"message";"ID_0108 HW: fault solvent supply application station 18";"";"";"";"";"ID_0108硬件：故障溶剂供应应用站18";"";"";"";""
"T02_PLCALS_0109";"message";"ID_0109 HW: fault solvent supply application station 19";"";"";"";"";"ID_0109硬件：故障溶剂供应应用站19";"";"";"";""
"T02_PLCALS_0110";"message";"ID_0110 HW: fault solvent supply application station 20";"";"";"";"";"ID_0110硬件：故障溶剂供应应用站20";"";"";"";""
"T02_PLCALS_0111";"message";"ID_0111 HW: collective fault pneumatics";"";"";"";"";"ID_0111硬件：集体故障气动";"";"";"";""
"T02_PLCALS_0112";"message";"ID_0112 PS[1] collective fault paint system";"";"";"";"";"ID_0112 PS[1]集体故障涂料系统";"";"";"";""
"T02_PLCALS_0113";"message";"ID_0113 PS[1] warning paint system disabled";"";"";"";"";"ID_0113 PS[1] 警告油漆系统禁用";"";"";"";""
"T02_PLCALS_0114";"message";"ID_0114 PS[1] fault color code not defined";"";"";"";"";"ID_0114 PS[1] 故障颜色代码未定义";"";"";"";""
"T02_PLCALS_0115";"message";"ID_0115 PS[1] fault color group number off range";"";"";"";"";"ID_0115 PS[1] 故障颜色组数关断范围";"";"";"";""
"T02_PLCALS_0116";"message";"ID_0116 PS[1] Waste level sensor alarm";"";"";"";"";"ID_0116 PS[1] 废液位传感器报警器";"";"";"";""
"T02_PLCALS_0117";"message";"ID_0117 PS[1] Valve interlock fault KP1P and KP2P";"";"";"";"";"ID_0117 PS[1] 阀门联锁故障 KP1P 和 KP2P";"";"";"";""
"T02_PLCALS_0118";"message";"ID_0118 PS[1] Valve interlock fault KQPL and KQV";"";"";"";"";"ID_0118 PS[1] 阀门联锁故障 KQPL 和 KQV";"";"";"";""
"T02_PLCALS_0119";"message";"ID_0119 PS[1] Wrong Clean TP number";"";"";"";"";"ID_0119 PS[1] 错误的清洁TP编号";"";"";"";""
"T02_PLCALS_0120";"message";"ID_0120 PS[1] Wrong Load TP number";"";"";"";"";"ID_0120 PS[1] 错误加载 TP 编号";"";"";"";""
"T02_PLCALS_0121";"message";"ID_0121 PS[1] Wrong Reflow TP number";"";"";"";"";"ID_0121 PS[1] 错误的回流焊TP编号";"";"";"";""
"T02_PLCALS_0122";"message";"ID_0122 PS[1] Wrong Manual Purge TP number";"";"";"";"";"ID_0122 PS[1] 错误的手动清除TP编号";"";"";"";""
"T02_PLCALS_0123";"message";"ID_0123 PS[1] Clean TP timeout";"";"";"";"";"ID_0123 PS[1] 清洁TP超时";"";"";"";""
"T02_PLCALS_0124";"message";"ID_0124 PS[1] Load TP timeout";"";"";"";"";"ID_0124 PS[1] 加载 TP 超时";"";"";"";""
"T02_PLCALS_0125";"message";"ID_0125 PS[1] Reflow TP timeout";"";"";"";"";"ID_0125 PS[1] 回流焊TP超时";"";"";"";""
"T02_PLCALS_0126";"message";"ID_0126 PS[1] Auto mode start failed";"";"";"";"";"ID_0126 PS[1] 自动模式启动失败";"";"";"";""
"T02_PLCALS_0127";"message";"ID_0127 PS[1] Air Pressure failed";"";"";"";"";"ID_0127 PS[1] 气压失效";"";"";"";""
"T02_PLCALS_0128";"message";"ID_0128 PS[2] collective fault paint system";"";"";"";"";"ID_0128 PS[2]集体故障涂料系统";"";"";"";""
"T02_PLCALS_0129";"message";"ID_0129 PS[2] warning paint system disabled";"";"";"";"";"ID_0129 PS[2] 警告油漆系统禁用";"";"";"";""
"T02_PLCALS_0130";"message";"ID_0130 PS[2] fault color code not defined";"";"";"";"";"ID_0130 PS[2] 故障颜色代码未定义";"";"";"";""
"T02_PLCALS_0131";"message";"ID_0131 PS[2] fault color group number off range";"";"";"";"";"ID_0131 PS[2] 故障颜色组数关断范围";"";"";"";""
"T02_PLCALS_0132";"message";"ID_0132 PS[2] Waste level sensor alarm";"";"";"";"";"ID_0132 PS[2] 废液位传感器报警器";"";"";"";""
"T02_PLCALS_0133";"message";"ID_0133 PS[2] Valve interlock fault KP1P and KP2P";"";"";"";"";"ID_0133 PS[2] 阀门联锁故障 KP1P 和 KP2P";"";"";"";""
"T02_PLCALS_0134";"message";"ID_0134 PS[2] Valve interlock fault KQPL and KQV";"";"";"";"";"ID_0134 PS[2] 阀门联锁故障 KQPL 和 KQV";"";"";"";""
"T02_PLCALS_0135";"message";"ID_0135 PS[2] Wrong Clean TP number";"";"";"";"";"ID_0135 PS[2] 错误的清洁TP编号";"";"";"";""
"T02_PLCALS_0136";"message";"ID_0136 PS[2] Wrong Load TP number";"";"";"";"";"ID_0136 PS[2] 错误加载 TP 编号";"";"";"";""
"T02_PLCALS_0137";"message";"ID_0137 PS[2] Wrong Reflow TP number";"";"";"";"";"ID_0137 PS[2] 错误的回流焊TP编号";"";"";"";""
"T02_PLCALS_0138";"message";"ID_0138 PS[2] Wrong Manual Purge TP number";"";"";"";"";"ID_0138 PS[2] 错误的手动清除TP编号";"";"";"";""
"T02_PLCALS_0139";"message";"ID_0139 PS[2] Clean TP timeout";"";"";"";"";"ID_0139 PS[2] 清洁TP超时";"";"";"";""
"T02_PLCALS_0140";"message";"ID_0140 PS[2] Load TP timeout";"";"";"";"";"ID_0140 PS[2] 加载 TP 超时";"";"";"";""
"T02_PLCALS_0141";"message";"ID_0141 PS[2] Reflow TP timeout";"";"";"";"";"ID_0141 PS[2] 回流焊TP超时";"";"";"";""
"T02_PLCALS_0142";"message";"ID_0142 PS[2] Auto mode start failed";"";"";"";"";"ID_0142 PS[2] 自动模式启动失败";"";"";"";""
"T02_PLCALS_0143";"message";"ID_0143 PS[2] Air Pressure failed";"";"";"";"";"ID_0143 PS[2] 气压失效";"";"";"";""
"T02_PLCALS_0144";"message";"ID_0144 PS[3] collective fault paint system";"";"";"";"";"ID_0144 PS[3]集体故障涂料系统";"";"";"";""
"T02_PLCALS_0145";"message";"ID_0145 PS[3] warning paint system disabled";"";"";"";"";"ID_0145 PS[3] 警告油漆系统禁用";"";"";"";""
"T02_PLCALS_0146";"message";"ID_0146 PS[3] fault color code not defined";"";"";"";"";"ID_0146 PS[3] 故障颜色代码未定义";"";"";"";""
"T02_PLCALS_0147";"message";"ID_0147 PS[3] fault color group number off range";"";"";"";"";"ID_0147 PS[3] 故障颜色组数关断范围";"";"";"";""
"T02_PLCALS_0148";"message";"ID_0148 PS[3] Waste level sensor alarm";"";"";"";"";"ID_0148 PS[3] 废液位传感器报警器";"";"";"";""
"T02_PLCALS_0149";"message";"ID_0149 PS[3] Valve interlock fault KP1P and KP2P";"";"";"";"";"ID_0149 PS[3] 阀门联锁故障 KP1P 和 KP2P";"";"";"";""
"T02_PLCALS_0150";"message";"ID_0150 PS[3] Valve interlock fault KQPL and KQV";"";"";"";"";"ID_0150 PS[3] 阀门联锁故障 KQPL 和 KQV";"";"";"";""
"T02_PLCALS_0151";"message";"ID_0151 PS[3] Wrong Clean TP number";"";"";"";"";"ID_0151 PS[3] 错误的清洁TP编号";"";"";"";""
"T02_PLCALS_0152";"message";"ID_0152 PS[3] Wrong Load TP number";"";"";"";"";"ID_0152 PS[3] 错误加载 TP 编号";"";"";"";""
"T02_PLCALS_0153";"message";"ID_0153 PS[3] Wrong Reflow TP number";"";"";"";"";"ID_0153 PS[3] 错误的回流焊TP编号";"";"";"";""
"T02_PLCALS_0154";"message";"ID_0154 PS[3] Wrong Manual Purge TP number";"";"";"";"";"ID_0154 PS[3] 错误的手动清除TP编号";"";"";"";""
"T02_PLCALS_0155";"message";"ID_0155 PS[3] Clean TP timeout";"";"";"";"";"ID_0155 PS[3] 清洁TP超时";"";"";"";""
"T02_PLCALS_0156";"message";"ID_0156 PS[3] Load TP timeout";"";"";"";"";"ID_0156 PS[3] 加载 TP 超时";"";"";"";""
"T02_PLCALS_0157";"message";"ID_0157 PS[3] Reflow TP timeout";"";"";"";"";"ID_0157 PS[3] 回流焊TP超时";"";"";"";""
"T02_PLCALS_0158";"message";"ID_0158 PS[3] Auto mode start failed";"";"";"";"";"ID_0158 PS[3] 自动模式启动失败";"";"";"";""
"T02_PLCALS_0159";"message";"ID_0159 PS[3] Air Pressure failed";"";"";"";"";"ID_0159 PS[3] 气压失效";"";"";"";""
"T02_PLCALS_0160";"message";"ID_0160 PS[4] collective fault paint system";"";"";"";"";"ID_0160 PS[4]集体故障涂料系统";"";"";"";""
"T02_PLCALS_0161";"message";"ID_0161 PS[4] warning paint system disabled";"";"";"";"";"ID_0161 PS[4] 警告油漆系统禁用";"";"";"";""
"T02_PLCALS_0162";"message";"ID_0162 PS[4] fault color code not defined";"";"";"";"";"ID_0162 PS[4] 故障颜色代码未定义";"";"";"";""
"T02_PLCALS_0163";"message";"ID_0163 PS[4] fault color group number off range";"";"";"";"";"ID_0163 PS[4] 故障颜色组数关断范围";"";"";"";""
"T02_PLCALS_0164";"message";"ID_0164 PS[4] Waste level sensor alarm";"";"";"";"";"ID_0164 PS[4] 废液位传感器报警器";"";"";"";""
"T02_PLCALS_0165";"message";"ID_0165 PS[4] Valve interlock fault KP1P and KP2P";"";"";"";"";"ID_0165 PS[4] 阀门联锁故障 KP1P 和 KP2P";"";"";"";""
"T02_PLCALS_0166";"message";"ID_0166 PS[4] Valve interlock fault KQPL and KQV";"";"";"";"";"ID_0166 PS[4] 阀门联锁故障 KQPL 和 KQV";"";"";"";""
"T02_PLCALS_0167";"message";"ID_0167 PS[4] Wrong Clean TP number";"";"";"";"";"ID_0167 PS[4] 错误的清洁TP编号";"";"";"";""
"T02_PLCALS_0168";"message";"ID_0168 PS[4] Wrong Load TP number";"";"";"";"";"ID_0168 PS[4] 错误加载 TP 编号";"";"";"";""
"T02_PLCALS_0169";"message";"ID_0169 PS[4] Wrong Reflow TP number";"";"";"";"";"ID_0169 PS[4] 错误的回流焊TP编号";"";"";"";""
"T02_PLCALS_0170";"message";"ID_0170 PS[4] Wrong Manual Purge TP number";"";"";"";"";"ID_0170 PS[4] 错误的手动清除TP编号";"";"";"";""
"T02_PLCALS_0171";"message";"ID_0171 PS[4] Clean TP timeout";"";"";"";"";"ID_0171 PS[4] 清洁TP超时";"";"";"";""
"T02_PLCALS_0172";"message";"ID_0172 PS[4] Load TP timeout";"";"";"";"";"ID_0172 PS[4] 加载 TP 超时";"";"";"";""
"T02_PLCALS_0173";"message";"ID_0173 PS[4] Reflow TP timeout";"";"";"";"";"ID_0173 PS[4] 回流焊TP超时";"";"";"";""
"T02_PLCALS_0174";"message";"ID_0174 PS[4] Auto mode start failed";"";"";"";"";"ID_0174 PS[4] 自动模式启动失败";"";"";"";""
"T02_PLCALS_0175";"message";"ID_0175 PS[4] Air Pressure failed";"";"";"";"";"ID_0175 PS[4] 气压失效";"";"";"";""
"T02_PLCALS_0176";"message";"ID_0176 PS[5] collective fault paint system";"";"";"";"";"ID_0176 PS[5]集体故障涂料系统";"";"";"";""
"T02_PLCALS_0177";"message";"ID_0177 PS[5] warning paint system disabled";"";"";"";"";"ID_0177 PS[5] 警告油漆系统禁用";"";"";"";""
"T02_PLCALS_0178";"message";"ID_0178 PS[5] fault color code not defined";"";"";"";"";"ID_0178 PS[5] 故障颜色代码未定义";"";"";"";""
"T02_PLCALS_0179";"message";"ID_0179 PS[5] fault color group number off range";"";"";"";"";"ID_0179 PS[5] 故障颜色组数关断范围";"";"";"";""
"T02_PLCALS_0180";"message";"ID_0180 PS[5] Waste level sensor alarm";"";"";"";"";"ID_0180 PS[5] 废液位传感器报警器";"";"";"";""
"T02_PLCALS_0181";"message";"ID_0181 PS[5] Valve interlock fault KP1P and KP2P";"";"";"";"";"ID_0181 PS[5] 阀门联锁故障 KP1P 和 KP2P";"";"";"";""
"T02_PLCALS_0182";"message";"ID_0182 PS[5] Valve interlock fault KQPL and KQV";"";"";"";"";"ID_0182 PS[5] 阀门联锁故障 KQPL 和 KQV";"";"";"";""
"T02_PLCALS_0183";"message";"ID_0183 PS[5] Wrong Clean TP number";"";"";"";"";"ID_0183 PS[5] 错误的清洁TP编号";"";"";"";""
"T02_PLCALS_0184";"message";"ID_0184 PS[5] Wrong Load TP number";"";"";"";"";"ID_0184 PS[5] 错误加载 TP 编号";"";"";"";""
"T02_PLCALS_0185";"message";"ID_0185 PS[5] Wrong Reflow TP number";"";"";"";"";"ID_0185 PS[5] 错误的回流焊TP编号";"";"";"";""
"T02_PLCALS_0186";"message";"ID_0186 PS[5] Wrong Manual Purge TP number";"";"";"";"";"ID_0186 PS[5] 错误的手动清除TP编号";"";"";"";""
"T02_PLCALS_0187";"message";"ID_0187 PS[5] Clean TP timeout";"";"";"";"";"ID_0187 PS[5] 清洁TP超时";"";"";"";""
"T02_PLCALS_0188";"message";"ID_0188 PS[5] Load TP timeout";"";"";"";"";"ID_0188 PS[5] 加载 TP 超时";"";"";"";""
"T02_PLCALS_0189";"message";"ID_0189 PS[5] Reflow TP timeout";"";"";"";"";"ID_0189 PS[5] 回流焊TP超时";"";"";"";""
"T02_PLCALS_0190";"message";"ID_0190 PS[5] Auto mode start failed";"";"";"";"";"ID_0190 PS[5] 自动模式启动失败";"";"";"";""
"T02_PLCALS_0191";"message";"ID_0191 PS[5] Air Pressure failed";"";"";"";"";"ID_0191 PS[5] 气压失效";"";"";"";""
"T02_PLCALS_0192";"message";"ID_0192 PS[6] collective fault paint system";"";"";"";"";"ID_0192 PS[6]集体故障涂料系统";"";"";"";""
"T02_PLCALS_0193";"message";"ID_0193 PS[6] warning paint system disabled";"";"";"";"";"ID_0193 PS[6] 警告油漆系统禁用";"";"";"";""
"T02_PLCALS_0194";"message";"ID_0194 PS[6] fault color code not defined";"";"";"";"";"ID_0194 PS[6] 故障颜色代码未定义";"";"";"";""
"T02_PLCALS_0195";"message";"ID_0195 PS[6] fault color group number off range";"";"";"";"";"ID_0195 PS[6] 故障颜色组数关断范围";"";"";"";""
"T02_PLCALS_0196";"message";"ID_0196 PS[6] Waste level sensor alarm";"";"";"";"";"ID_0196 PS[6] 废液位传感器报警器";"";"";"";""
"T02_PLCALS_0197";"message";"ID_0197 PS[6] Valve interlock fault KP1P and KP2P";"";"";"";"";"ID_0197 PS[6] 阀门联锁故障 KP1P 和 KP2P";"";"";"";""
"T02_PLCALS_0198";"message";"ID_0198 PS[6] Valve interlock fault KQPL and KQV";"";"";"";"";"ID_0198 PS[6] 阀门联锁故障 KQPL 和 KQV";"";"";"";""
"T02_PLCALS_0199";"message";"ID_0199 PS[6] Wrong Clean TP number";"";"";"";"";"ID_0199 PS[6] 错误的清洁TP编号";"";"";"";""
"T02_PLCALS_0200";"message";"ID_0200 PS[6] Wrong Load TP number";"";"";"";"";"ID_0200 PS[6] 错误加载 TP 编号";"";"";"";""
"T02_PLCALS_0201";"message";"ID_0201 PS[6] Wrong Reflow TP number";"";"";"";"";"ID_0201 PS[6] 错误的回流焊TP编号";"";"";"";""
"T02_PLCALS_0202";"message";"ID_0202 PS[6] Wrong Manual Purge TP number";"";"";"";"";"ID_0202 PS[6] 错误的手动清除TP编号";"";"";"";""
"T02_PLCALS_0203";"message";"ID_0203 PS[6] Clean TP timeout";"";"";"";"";"ID_0203 PS[6] 清洁TP超时";"";"";"";""
"T02_PLCALS_0204";"message";"ID_0204 PS[6] Load TP timeout";"";"";"";"";"ID_0204 PS[6] 加载 TP 超时";"";"";"";""
"T02_PLCALS_0205";"message";"ID_0205 PS[6] Reflow TP timeout";"";"";"";"";"ID_0205 PS[6] 回流焊TP超时";"";"";"";""
"T02_PLCALS_0206";"message";"ID_0206 PS[6] Auto mode start failed";"";"";"";"";"ID_0206 PS[6] 自动模式启动失败";"";"";"";""
"T02_PLCALS_0207";"message";"ID_0207 PS[6] Air Pressure failed";"";"";"";"";"ID_0207 PS[6] 气压失效";"";"";"";""
"T02_PLCALS_0208";"message";"ID_0208 PS[7] collective fault paint system";"";"";"";"";"ID_0208 PS[7]集体故障涂料系统";"";"";"";""
"T02_PLCALS_0209";"message";"ID_0209 PS[7] warning paint system disabled";"";"";"";"";"ID_0209 PS[7] 警告油漆系统禁用";"";"";"";""
"T02_PLCALS_0210";"message";"ID_0210 PS[7] fault color code not defined";"";"";"";"";"ID_0210 PS[7] 故障颜色代码未定义";"";"";"";""
"T02_PLCALS_0211";"message";"ID_0211 PS[7] fault color group number off range";"";"";"";"";"ID_0211 PS[7] 故障颜色组数关断范围";"";"";"";""
"T02_PLCALS_0212";"message";"ID_0212 PS[7] Waste level sensor alarm";"";"";"";"";"ID_0212 PS[7] 废液位传感器报警器";"";"";"";""
"T02_PLCALS_0213";"message";"ID_0213 PS[7] Valve interlock fault KP1P and KP2P";"";"";"";"";"ID_0213 PS[7] 阀门联锁故障 KP1P 和 KP2P";"";"";"";""
"T02_PLCALS_0214";"message";"ID_0214 PS[7] Valve interlock fault KQPL and KQV";"";"";"";"";"ID_0214 PS[7] 阀门联锁故障 KQPL 和 KQV";"";"";"";""
"T02_PLCALS_0215";"message";"ID_0215 PS[7] Wrong Clean TP number";"";"";"";"";"ID_0215 PS[7] 错误的清洁TP编号";"";"";"";""
"T02_PLCALS_0216";"message";"ID_0216 PS[7] Wrong Load TP number";"";"";"";"";"ID_0216 PS[7] 错误加载 TP 编号";"";"";"";""
"T02_PLCALS_0217";"message";"ID_0217 PS[7] Wrong Reflow TP number";"";"";"";"";"ID_0217 PS[7] 错误的回流焊TP编号";"";"";"";""
"T02_PLCALS_0218";"message";"ID_0218 PS[7] Wrong Manual Purge TP number";"";"";"";"";"ID_0218 PS[7] 错误的手动清除TP编号";"";"";"";""
"T02_PLCALS_0219";"message";"ID_0219 PS[7] Clean TP timeout";"";"";"";"";"ID_0219 PS[7] 清洁TP超时";"";"";"";""
"T02_PLCALS_0220";"message";"ID_0220 PS[7] Load TP timeout";"";"";"";"";"ID_0220 PS[7] 加载 TP 超时";"";"";"";""
"T02_PLCALS_0221";"message";"ID_0221 PS[7] Reflow TP timeout";"";"";"";"";"ID_0221 PS[7] 回流焊TP超时";"";"";"";""
"T02_PLCALS_0222";"message";"ID_0222 PS[7] Auto mode start failed";"";"";"";"";"ID_0222 PS[7] 自动模式启动失败";"";"";"";""
"T02_PLCALS_0223";"message";"ID_0223 PS[7] Air Pressure failed";"";"";"";"";"ID_0223 PS[7] 气压失效";"";"";"";""
"T02_PLCALS_0224";"message";"ID_0224 PS[8] collective fault paint system";"";"";"";"";"ID_0224 PS[8]集体故障涂料系统";"";"";"";""
"T02_PLCALS_0225";"message";"ID_0225 PS[8] warning paint system disabled";"";"";"";"";"ID_0225 PS[8] 警告油漆系统禁用";"";"";"";""
"T02_PLCALS_0226";"message";"ID_0226 PS[8] fault color code not defined";"";"";"";"";"ID_0226 PS[8] 故障颜色代码未定义";"";"";"";""
"T02_PLCALS_0227";"message";"ID_0227 PS[8] fault color group number off range";"";"";"";"";"ID_0227 PS[8] 故障颜色组数关断范围";"";"";"";""
"T02_PLCALS_0228";"message";"ID_0228 PS[8] Waste level sensor alarm";"";"";"";"";"ID_0228 PS[8] 废液位传感器报警器";"";"";"";""
"T02_PLCALS_0229";"message";"ID_0229 PS[8] Valve interlock fault KP1P and KP2P";"";"";"";"";"ID_0229 PS[8] 阀门联锁故障 KP1P 和 KP2P";"";"";"";""
"T02_PLCALS_0230";"message";"ID_0230 PS[8] Valve interlock fault KQPL and KQV";"";"";"";"";"ID_0230 PS[8] 阀门联锁故障 KQPL 和 KQV";"";"";"";""
"T02_PLCALS_0231";"message";"ID_0231 PS[8] Wrong Clean TP number";"";"";"";"";"ID_0231 PS[8] 错误的清洁TP编号";"";"";"";""
"T02_PLCALS_0232";"message";"ID_0232 PS[8] Wrong Load TP number";"";"";"";"";"ID_0232 PS[8] 错误加载 TP 编号";"";"";"";""
"T02_PLCALS_0233";"message";"ID_0233 PS[8] Wrong Reflow TP number";"";"";"";"";"ID_0233 PS[8] 错误的回流焊TP编号";"";"";"";""
"T02_PLCALS_0234";"message";"ID_0234 PS[8] Wrong Manual Purge TP number";"";"";"";"";"ID_0234 PS[8] 错误的手动清除TP编号";"";"";"";""
"T02_PLCALS_0235";"message";"ID_0235 PS[8] Clean TP timeout";"";"";"";"";"ID_0235 PS[8] 清洁TP超时";"";"";"";""
"T02_PLCALS_0236";"message";"ID_0236 PS[8] Load TP timeout";"";"";"";"";"ID_0236 PS[8] 加载 TP 超时";"";"";"";""
"T02_PLCALS_0237";"message";"ID_0237 PS[8] Reflow TP timeout";"";"";"";"";"ID_0237 PS[8] 回流焊TP超时";"";"";"";""
"T02_PLCALS_0238";"message";"ID_0238 PS[8] Auto mode start failed";"";"";"";"";"ID_0238 PS[8] 自动模式启动失败";"";"";"";""
"T02_PLCALS_0239";"message";"ID_0239 PS[8] Air Pressure failed";"";"";"";"";"ID_0239 PS[8] 气压失效";"";"";"";""
"T02_PLCALS_0240";"message";"ID_0240 PS[9] collective fault paint system";"";"";"";"";"ID_0240 PS[9]集体故障涂料系统";"";"";"";""
"T02_PLCALS_0241";"message";"ID_0241 PS[9] warning paint system disabled";"";"";"";"";"ID_0241 PS[9] 警告油漆系统禁用";"";"";"";""
"T02_PLCALS_0242";"message";"ID_0242 PS[9] fault color code not defined";"";"";"";"";"ID_0242 PS[9] 故障颜色代码未定义";"";"";"";""
"T02_PLCALS_0243";"message";"ID_0243 PS[9] fault color group number off range";"";"";"";"";"ID_0243 PS[9] 故障颜色组数关断范围";"";"";"";""
"T02_PLCALS_0244";"message";"ID_0244 PS[9] Waste level sensor alarm";"";"";"";"";"ID_0244 PS[9] 废液位传感器报警器";"";"";"";""
"T02_PLCALS_0245";"message";"ID_0245 PS[9] Valve interlock fault KP1P and KP2P";"";"";"";"";"ID_0245 PS[9] 阀门联锁故障 KP1P 和 KP2P";"";"";"";""
"T02_PLCALS_0246";"message";"ID_0246 PS[9] Valve interlock fault KQPL and KQV";"";"";"";"";"ID_0246 PS[9] 阀门联锁故障 KQPL 和 KQV";"";"";"";""
"T02_PLCALS_0247";"message";"ID_0247 PS[9] Wrong Clean TP number";"";"";"";"";"ID_0247 PS[9] 错误的清洁TP编号";"";"";"";""
"T02_PLCALS_0248";"message";"ID_0248 PS[9] Wrong Load TP number";"";"";"";"";"ID_0248 PS[9] 错误加载 TP 编号";"";"";"";""
"T02_PLCALS_0249";"message";"ID_0249 PS[9] Wrong Reflow TP number";"";"";"";"";"ID_0249 PS[9] 错误的回流焊TP编号";"";"";"";""
"T02_PLCALS_0250";"message";"ID_0250 PS[9] Wrong Manual Purge TP number";"";"";"";"";"ID_0250 PS[9] 错误的手动清除TP编号";"";"";"";""
"T02_PLCALS_0251";"message";"ID_0251 PS[9] Clean TP timeout";"";"";"";"";"ID_0251 PS[9] 清洁TP超时";"";"";"";""
"T02_PLCALS_0252";"message";"ID_0252 PS[9] Load TP timeout";"";"";"";"";"ID_0252 PS[9] 加载 TP 超时";"";"";"";""
"T02_PLCALS_0253";"message";"ID_0253 PS[9] Reflow TP timeout";"";"";"";"";"ID_0253 PS[9] 回流焊TP超时";"";"";"";""
"T02_PLCALS_0254";"message";"ID_0254 PS[9] Auto mode start failed";"";"";"";"";"ID_0254 PS[9] 自动模式启动失败";"";"";"";""
"T02_PLCALS_0255";"message";"ID_0255 PS[9] Air Pressure failed";"";"";"";"";"ID_0255 PS[9] 气压失效";"";"";"";""
"T02_PLCALS_0256";"message";"ID_0256 PS[10] collective fault paint system";"";"";"";"";"ID_0256 PS[10]集体故障涂料系统";"";"";"";""
"T02_PLCALS_0257";"message";"ID_0257 PS[10] warning paint system disabled";"";"";"";"";"ID_0257 PS[10] 警告油漆系统禁用";"";"";"";""
"T02_PLCALS_0258";"message";"ID_0258 PS[10] fault color code not defined";"";"";"";"";"ID_0258 PS[10] 故障颜色代码未定义";"";"";"";""
"T02_PLCALS_0259";"message";"ID_0259 PS[10] fault color group number off range";"";"";"";"";"ID_0259 PS[10] 故障颜色组数关断范围";"";"";"";""
"T02_PLCALS_0260";"message";"ID_0260 PS[10] Waste level sensor alarm";"";"";"";"";"ID_0260 PS[10] 废液位传感器报警器";"";"";"";""
"T02_PLCALS_0261";"message";"ID_0261 PS[10] Valve interlock fault KP1P and KP2P";"";"";"";"";"ID_0261 PS[10] 阀门联锁故障 KP1P 和 KP2P";"";"";"";""
"T02_PLCALS_0262";"message";"ID_0262 PS[10] Valve interlock fault KQPL and KQV";"";"";"";"";"ID_0262 PS[10] 阀门联锁故障 KQPL 和 KQV";"";"";"";""
"T02_PLCALS_0263";"message";"ID_0263 PS[10] Wrong Clean TP number";"";"";"";"";"ID_0263 PS[10] 错误的清洁TP编号";"";"";"";""
"T02_PLCALS_0264";"message";"ID_0264 PS[10] Wrong Load TP number";"";"";"";"";"ID_0264 PS[10] 错误加载 TP 编号";"";"";"";""
"T02_PLCALS_0265";"message";"ID_0265 PS[10] Wrong Reflow TP number";"";"";"";"";"ID_0265 PS[10] 错误的回流焊TP编号";"";"";"";""
"T02_PLCALS_0266";"message";"ID_0266 PS[10] Wrong Manual Purge TP number";"";"";"";"";"ID_0266 PS[10] 错误的手动清除TP编号";"";"";"";""
"T02_PLCALS_0267";"message";"ID_0267 PS[10] Clean TP timeout";"";"";"";"";"ID_0267 PS[10] 清洁TP超时";"";"";"";""
"T02_PLCALS_0268";"message";"ID_0268 PS[10] Load TP timeout";"";"";"";"";"ID_0268 PS[10] 加载 TP 超时";"";"";"";""
"T02_PLCALS_0269";"message";"ID_0269 PS[10] Reflow TP timeout";"";"";"";"";"ID_0269 PS[10] 回流焊TP超时";"";"";"";""
"T02_PLCALS_0270";"message";"ID_0270 PS[10] Auto mode start failed";"";"";"";"";"ID_0270 PS[10] 自动模式启动失败";"";"";"";""
"T02_PLCALS_0271";"message";"ID_0271 PS[10] Air Pressure failed";"";"";"";"";"ID_0271 PS[10] 气压失效";"";"";"";""
"T02_PLCALS_0272";"message";"ID_0272 SL[1] None";"";"";"";"";"ID_0272 SL[1] 无";"";"";"";""
"T02_PLCALS_0273";"message";"ID_0273 SL[1] None";"";"";"";"";"ID_0273 SL[1] 无";"";"";"";""
"T02_PLCALS_0274";"message";"ID_0274 SL[1] None";"";"";"";"";"ID_0274 SL[1] 无";"";"";"";""
"T02_PLCALS_0275";"message";"ID_0275 SL[1] None";"";"";"";"";"ID_0275 SL[1] 无";"";"";"";""
"T02_PLCALS_0276";"message";"ID_0276 SL[1] None";"";"";"";"";"ID_0276 SL[1] 无";"";"";"";""
"T02_PLCALS_0277";"message";"ID_0277 SL[1] None";"";"";"";"";"ID_0277 SL[1] 无";"";"";"";""
"T02_PLCALS_0278";"message";"ID_0278 SL[1] None";"";"";"";"";"ID_0278 SL[1] 无";"";"";"";""
"T02_PLCALS_0279";"message";"ID_0279 HW: SL[1] timeout pig cylinder source station";"";"";"";"";"ID_0279 HW: SL[1]时清管筒源站";"";"";"";""
"T02_PLCALS_0280";"message";"ID_0280 HW: SL[1] timeout paint load ZMR";"";"";"";"";"ID_0280 HW: SL[1]超时油漆负载 ZMR";"";"";"";""
"T02_PLCALS_0281";"message";"ID_0281 HW: SL[1] timeout reflow QMP";"";"";"";"";"ID_0281 HW: SL[1]时回流焊 QMP";"";"";"";""
"T02_PLCALS_0282";"message";"ID_0282 HW: SL[1] timeout paint load ZFS/QMP";"";"";"";"";"ID_0282 HW: SL[1] 超时油漆负荷 ZFS/QMP";"";"";"";""
"T02_PLCALS_0283";"message";"ID_0283 HW: SL[1] fault after paint load QFS occupied";"";"";"";"";"ID_0283 HW: SL[1]占用后SL[1]故障";"";"";"";""
"T02_PLCALS_0284";"message";"ID_0284 HW: SL[1] fault pigging line not ready";"";"";"";"";"ID_0284 HW: SL[1]清管线未就绪";"";"";"";""
"T02_PLCALS_0285";"message";"ID_0285 HW: SL[1] fault scraper cycles";"";"";"";"";"ID_0285 HW: SL[1]障刮刀循环";"";"";"";""
"T02_PLCALS_0286";"message";"ID_0286 HW: SL[1] fault hose cycles";"";"";"";"";"ID_0286 HW: SL[1]障软管循环";"";"";"";""
"T02_PLCALS_0287";"message";"ID_0287 HW: SL[1] fault pig position after target cleaning";"";"";"";"";"ID_0287 HW: SL[1]标清洗后的故障清管位置";"";"";"";""
"T02_PLCALS_0288";"message";"ID_0288 HW: SL[1] error pig pushing pressure out of tolerance";"";"";"";"";"ID_0288 HW: SL[1]差猪推压超出公差范围";"";"";"";""
"T02_PLCALS_0289";"message";"ID_0289 SL[1] timeout reflow QMR";"";"";"";"";"ID_0289 SL[1] 超时回流焊 QMR";"";"";"";""
"T02_PLCALS_0290";"message";"ID_0290 SL[1] fault paint load QMP not occupied";"";"";"";"";"ID_0290 SL[1] 故障涂料负载 QMP 未占用";"";"";"";""
"T02_PLCALS_0291";"message";"ID_0291 SL[1] warning scraper cycles";"";"";"";"";"ID_0291 SL[1] 警告刮刀循环";"";"";"";""
"T02_PLCALS_0292";"message";"ID_0292 SL[1] warning hose cycles";"";"";"";"";"ID_0292 SL[1] 警告软管循环";"";"";"";""
"T02_PLCALS_0293";"message";"ID_0293 SL[1] collective warning main lines";"";"";"";"";"ID_0293 SL[1] 集体预警主线";"";"";"";""
"T02_PLCALS_0294";"message";"ID_0294 SL[1] collective fault main line";"";"";"";"";"ID_0294 SL[1] 集体故障主线";"";"";"";""
"T02_PLCALS_0295";"message";"ID_0295 SL[2] None";"";"";"";"";"ID_0295 SL[2] 无";"";"";"";""
"T02_PLCALS_0296";"message";"ID_0296 SL[2] None";"";"";"";"";"ID_0296 SL[2] 无";"";"";"";""
"T02_PLCALS_0297";"message";"ID_0297 SL[2] None";"";"";"";"";"ID_0297 SL[2] 无";"";"";"";""
"T02_PLCALS_0298";"message";"ID_0298 SL[2] None";"";"";"";"";"ID_0298 SL[2] 无";"";"";"";""
"T02_PLCALS_0299";"message";"ID_0299 SL[2] None";"";"";"";"";"ID_0299 SL[2] 无";"";"";"";""
"T02_PLCALS_0300";"message";"ID_0300 SL[2] None";"";"";"";"";"ID_0300 SL[2] 无";"";"";"";""
"T02_PLCALS_0301";"message";"ID_0301 SL[2] None";"";"";"";"";"ID_0301 SL[2] 无";"";"";"";""
"T02_PLCALS_0302";"message";"ID_0302 HW: SL[2] timeout pig cylinder source station";"";"";"";"";"ID_0302 HW: SL[2]时清管筒源站";"";"";"";""
"T02_PLCALS_0303";"message";"ID_0303 HW: SL[2] timeout paint load ZMR";"";"";"";"";"ID_0303 HW: SL[2]超时油漆负载 ZMR";"";"";"";""
"T02_PLCALS_0304";"message";"ID_0304 HW: SL[2] timeout reflow QMP";"";"";"";"";"ID_0304 HW: SL[2]时回流焊 QMP";"";"";"";""
"T02_PLCALS_0305";"message";"ID_0305 HW: SL[2] timeout paint load ZFS/QMP";"";"";"";"";"ID_0305 HW: SL[2] 超时油漆负荷 ZFS/QMP";"";"";"";""
"T02_PLCALS_0306";"message";"ID_0306 HW: SL[2] fault after paint load QFS occupied";"";"";"";"";"ID_0306 HW: SL[2]占用后SL[1]故障";"";"";"";""
"T02_PLCALS_0307";"message";"ID_0307 HW: SL[2] fault pigging line not ready";"";"";"";"";"ID_0307 HW: SL[2]清管线未就绪";"";"";"";""
"T02_PLCALS_0308";"message";"ID_0308 HW: SL[2] fault scraper cycles";"";"";"";"";"ID_0308 HW: SL[2]障刮刀循环";"";"";"";""
"T02_PLCALS_0309";"message";"ID_0309 HW: SL[2] fault hose cycles";"";"";"";"";"ID_0309 HW: SL[2]障软管循环";"";"";"";""
"T02_PLCALS_0310";"message";"ID_0310 HW: SL[2] fault pig position after target cleaning";"";"";"";"";"ID_0310 HW: SL[2]标清洗后的故障清管位置";"";"";"";""
"T02_PLCALS_0311";"message";"ID_0311 HW: SL[2] error pig pushing pressure out of tolerance";"";"";"";"";"ID_0311 HW: SL[2]差猪推压超出公差范围";"";"";"";""
"T02_PLCALS_0312";"message";"ID_0312 SL[2] timeout reflow QMR";"";"";"";"";"ID_0312 SL[2] 超时回流焊 QMR";"";"";"";""
"T02_PLCALS_0313";"message";"ID_0313 SL[2] fault paint load QMP not occupied";"";"";"";"";"ID_0313 SL[2] 故障涂料负载 QMP 未占用";"";"";"";""
"T02_PLCALS_0314";"message";"ID_0314 SL[2] warning scraper cycles";"";"";"";"";"ID_0314 SL[2] 警告刮刀循环";"";"";"";""
"T02_PLCALS_0315";"message";"ID_0315 SL[2] warning hose cycles";"";"";"";"";"ID_0315 SL[2] 警告软管循环";"";"";"";""
"T02_PLCALS_0316";"message";"ID_0316 SL[2] collective warning main lines";"";"";"";"";"ID_0316 SL[2] 集体预警主线";"";"";"";""
"T02_PLCALS_0317";"message";"ID_0317 SL[2] collective fault main line";"";"";"";"";"ID_0317 SL[2] 集体故障主线";"";"";"";""
"T02_PLCALS_0318";"message";"ID_0318 SL[3] None";"";"";"";"";"ID_0318 SL[3] 无";"";"";"";""
"T02_PLCALS_0319";"message";"ID_0319 SL[3] None";"";"";"";"";"ID_0319 SL[3] 无";"";"";"";""
"T02_PLCALS_0320";"message";"ID_0320 SL[3] None";"";"";"";"";"ID_0320 SL[3] 无";"";"";"";""
"T02_PLCALS_0321";"message";"ID_0321 SL[3] None";"";"";"";"";"ID_0321 SL[3] 无";"";"";"";""
"T02_PLCALS_0322";"message";"ID_0322 SL[3] None";"";"";"";"";"ID_0322 SL[3] 无";"";"";"";""
"T02_PLCALS_0323";"message";"ID_0323 SL[3] None";"";"";"";"";"ID_0323 SL[3] 无";"";"";"";""
"T02_PLCALS_0324";"message";"ID_0324 SL[3] None";"";"";"";"";"ID_0324 SL[3] 无";"";"";"";""
"T02_PLCALS_0325";"message";"ID_0325 HW: SL[3] timeout pig cylinder source station";"";"";"";"";"ID_0325 HW: SL[3]时清管筒源站";"";"";"";""
"T02_PLCALS_0326";"message";"ID_0326 HW: SL[3] timeout paint load ZMR";"";"";"";"";"ID_0326 HW: SL[3]超时油漆负载 ZMR";"";"";"";""
"T02_PLCALS_0327";"message";"ID_0327 HW: SL[3] timeout reflow QMP";"";"";"";"";"ID_0327 HW: SL[3]时回流焊 QMP";"";"";"";""
"T02_PLCALS_0328";"message";"ID_0328 HW: SL[3] timeout paint load ZFS/QMP";"";"";"";"";"ID_0328 HW: SL[3] 超时油漆负荷 ZFS/QMP";"";"";"";""
"T02_PLCALS_0329";"message";"ID_0329 HW: SL[3] fault after paint load QFS occupied";"";"";"";"";"ID_0329 HW: SL[3]占用后SL[1]故障";"";"";"";""
"T02_PLCALS_0330";"message";"ID_0330 HW: SL[3] fault pigging line not ready";"";"";"";"";"ID_0330 HW: SL[3]清管线未就绪";"";"";"";""
"T02_PLCALS_0331";"message";"ID_0331 HW: SL[3] fault scraper cycles";"";"";"";"";"ID_0331 HW: SL[3]障刮刀循环";"";"";"";""
"T02_PLCALS_0332";"message";"ID_0332 HW: SL[3] fault hose cycles";"";"";"";"";"ID_0332 HW: SL[3]障软管循环";"";"";"";""
"T02_PLCALS_0333";"message";"ID_0333 HW: SL[3] fault pig position after target cleaning";"";"";"";"";"ID_0333 HW: SL[3]标清洗后的故障清管位置";"";"";"";""
"T02_PLCALS_0334";"message";"ID_0334 HW: SL[3] error pig pushing pressure out of tolerance";"";"";"";"";"ID_0334 HW: SL[3]差猪推压超出公差范围";"";"";"";""
"T02_PLCALS_0335";"message";"ID_0335 SL[3] timeout reflow QMR";"";"";"";"";"ID_0335 SL[3] 超时回流焊 QMR";"";"";"";""
"T02_PLCALS_0336";"message";"ID_0336 SL[3] fault paint load QMP not occupied";"";"";"";"";"ID_0336 SL[3] 故障涂料负载 QMP 未占用";"";"";"";""
"T02_PLCALS_0337";"message";"ID_0337 SL[3] warning scraper cycles";"";"";"";"";"ID_0337 SL[3] 警告刮刀循环";"";"";"";""
"T02_PLCALS_0338";"message";"ID_0338 SL[3] warning hose cycles";"";"";"";"";"ID_0338 SL[3] 警告软管循环";"";"";"";""
"T02_PLCALS_0339";"message";"ID_0339 SL[3] collective warning main lines";"";"";"";"";"ID_0339 SL[3] 集体预警主线";"";"";"";""
"T02_PLCALS_0340";"message";"ID_0340 SL[3] collective fault main line";"";"";"";"";"ID_0340 SL[3] 集体故障主线";"";"";"";""
"T02_PLCALS_0341";"message";"ID_0341 SL[4] None";"";"";"";"";"ID_0341 SL[4] 无";"";"";"";""
"T02_PLCALS_0342";"message";"ID_0342 SL[4] None";"";"";"";"";"ID_0342 SL[4] 无";"";"";"";""
"T02_PLCALS_0343";"message";"ID_0343 SL[4] None";"";"";"";"";"ID_0343 SL[4] 无";"";"";"";""
"T02_PLCALS_0344";"message";"ID_0344 SL[4] None";"";"";"";"";"ID_0344 SL[4] 无";"";"";"";""
"T02_PLCALS_0345";"message";"ID_0345 SL[4] None";"";"";"";"";"ID_0345 SL[4] 无";"";"";"";""
"T02_PLCALS_0346";"message";"ID_0346 SL[4] None";"";"";"";"";"ID_0346 SL[4] 无";"";"";"";""
"T02_PLCALS_0347";"message";"ID_0347 SL[4] None";"";"";"";"";"ID_0347 SL[4] 无";"";"";"";""
"T02_PLCALS_0348";"message";"ID_0348 HW: SL[4] timeout pig cylinder source station";"";"";"";"";"ID_0348 HW: SL[4]时清管筒源站";"";"";"";""
"T02_PLCALS_0349";"message";"ID_0349 HW: SL[4] timeout paint load ZMR";"";"";"";"";"ID_0349 HW: SL[4]超时油漆负载 ZMR";"";"";"";""
"T02_PLCALS_0350";"message";"ID_0350 HW: SL[4] timeout reflow QMP";"";"";"";"";"ID_0350 HW: SL[4]时回流焊 QMP";"";"";"";""
"T02_PLCALS_0351";"message";"ID_0351 HW: SL[4] timeout paint load ZFS/QMP";"";"";"";"";"ID_0351 HW: SL[4] 超时油漆负荷 ZFS/QMP";"";"";"";""
"T02_PLCALS_0352";"message";"ID_0352 HW: SL[4] fault after paint load QFS occupied";"";"";"";"";"ID_0352 HW: SL[4]占用后SL[1]故障";"";"";"";""
"T02_PLCALS_0353";"message";"ID_0353 HW: SL[4] fault pigging line not ready";"";"";"";"";"ID_0353 HW: SL[4]清管线未就绪";"";"";"";""
"T02_PLCALS_0354";"message";"ID_0354 HW: SL[4] fault scraper cycles";"";"";"";"";"ID_0354 HW: SL[4]障刮刀循环";"";"";"";""
"T02_PLCALS_0355";"message";"ID_0355 HW: SL[4] fault hose cycles";"";"";"";"";"ID_0355 HW: SL[4]障软管循环";"";"";"";""
"T02_PLCALS_0356";"message";"ID_0356 HW: SL[4] fault pig position after target cleaning";"";"";"";"";"ID_0356 HW: SL[4]标清洗后的故障清管位置";"";"";"";""
"T02_PLCALS_0357";"message";"ID_0357 HW: SL[4] error pig pushing pressure out of tolerance";"";"";"";"";"ID_0357 HW: SL[4]差猪推压超出公差范围";"";"";"";""
"T02_PLCALS_0358";"message";"ID_0358 SL[4] timeout reflow QMR";"";"";"";"";"ID_0358 SL[4] 超时回流焊 QMR";"";"";"";""
"T02_PLCALS_0359";"message";"ID_0359 SL[4] fault paint load QMP not occupied";"";"";"";"";"ID_0359 SL[4] 故障涂料负载 QMP 未占用";"";"";"";""
"T02_PLCALS_0360";"message";"ID_0360 SL[4] warning scraper cycles";"";"";"";"";"ID_0360 SL[4] 警告刮刀循环";"";"";"";""
"T02_PLCALS_0361";"message";"ID_0361 SL[4] warning hose cycles";"";"";"";"";"ID_0361 SL[4] 警告软管循环";"";"";"";""
"T02_PLCALS_0362";"message";"ID_0362 SL[4] collective warning main lines";"";"";"";"";"ID_0362 SL[4] 集体预警主线";"";"";"";""
"T02_PLCALS_0363";"message";"ID_0363 SL[4] collective fault main line";"";"";"";"";"ID_0363 SL[4] 集体故障主线";"";"";"";""
