"$IoNode";"$IoItem";"$Textkey";"$Class";"$Groupkey";"$Location";"$Active";"$Priority";"$LogEnabled";"$PlantID";"$PlantType";"$EquipmentID";"$Devicename";"Cfg_Inst_Structure"
"ESP-Core";".ESAlarms.General.FltBrkInf";"T02_PLCALS_0001";"01";"ESP-Core";"";"1";"50";"1";"ESP-Core";" ";"PLC";"";"0"
"ESP-Core";".ESAlarms.General.FltBrkSig";"T02_PLCALS_0002";"01";"ESP-Core";"";"1";"50";"1";"ESP-Core";" ";"PLC";"";"0"
"ESP-Core";".ESAlarms.General.FltBrk230V";"T02_PLCALS_0003";"01";"ESP-Core";"";"1";"50";"1";"ESP-Core";" ";"PLC";"";"0"
"ESP-Core";".ESAlarms.General.FltBrkSp1";"T02_PLCALS_0004";"01";"ESP-Core";"";"1";"50";"1";"ESP-Core";" ";"PLC";"";"0"
"ESP-Core";".ESAlarms.General.FltBrkSp2";"T02_PLCALS_0005";"01";"ESP-Core";"";"1";"50";"1";"ESP-Core";" ";"PLC";"";"0"
"ESP-Core";".ESAlarms.General.FltBrkSp3";"T02_PLCALS_0006";"01";"ESP-Core";"";"1";"50";"1";"ESP-Core";" ";"PLC";"";"0"
"ESP-Core";".ESAlarms.General.FltBrkBus";"T02_PLCALS_0007";"01";"ESP-Core";"";"1";"50";"1";"ESP-Core";" ";"PLC";"";"0"
"ESP-Core";".ESAlarms.General.FltBrkIO";"T02_PLCALS_0008";"01";"ESP-Core";"";"1";"50";"1";"ESP-Core";" ";"PLC";"";"0"
"ESP-Core";".ESAlarms.General.FltBrkValve";"T02_PLCALS_0009";"01";"ESP-Core";"";"1";"50";"1";"ESP-Core";" ";"PLC";"";"0"
"ESP-Core";".ESAlarms.General.FltBrkProp";"T02_PLCALS_0010";"01";"ESP-Core";"";"1";"50";"1";"ESP-Core";" ";"PLC";"";"0"
"ESP-Core";".ESAlarms.General.FltBrkSp4";"T02_PLCALS_0011";"01";"ESP-Core";"";"1";"50";"1";"ESP-Core";" ";"PLC";"";"0"
"ESP-Core";".ESAlarms.General.FltBrkSp5";"T02_PLCALS_0012";"01";"ESP-Core";"";"1";"50";"1";"ESP-Core";" ";"PLC";"";"0"
"ESP-Core";".ESAlarms.General.FltBrkSp6";"T02_PLCALS_0013";"01";"ESP-Core";"";"1";"50";"1";"ESP-Core";" ";"PLC";"";"0"
"ESP-Core";".ESAlarms.General.FltBrkSp7";"T02_PLCALS_0014";"01";"ESP-Core";"";"1";"50";"1";"ESP-Core";" ";"PLC";"";"0"
"ESP-Core";".ESAlarms.General.FltBrkSp8";"T02_PLCALS_0015";"01";"ESP-Core";"";"1";"50";"1";"ESP-Core";" ";"PLC";"";"0"
"ESP-Core";".ESAlarms.General.FltFuse";"T02_PLCALS_0016";"01";"ESP-Core";"";"1";"50";"1";"ESP-Core";" ";"PLC";"";"0"
"ESP-Core";".ESAlarms.General.EStopGen";"T02_PLCALS_0017";"03";"ESP-Core";"";"1";"50";"1";"ESP-Core";" ";"PLC";"";"0"
"ESP-Core";".ESAlarms.General.EStopDesk";"T02_PLCALS_0018";"03";"ESP-Core";"";"1";"50";"1";"ESP-Core";" ";"PLC";"";"0"
"ESP-Core";".ESAlarms.General.EStopSp1";"T02_PLCALS_0019";"03";"ESP-Core";"";"1";"50";"1";"ESP-Core";" ";"PLC";"";"0"
"ESP-Core";".ESAlarms.General.EStopSp2";"T02_PLCALS_0020";"03";"ESP-Core";"";"1";"50";"1";"ESP-Core";" ";"PLC";"";"0"
"ESP-Core";".ESAlarms.General.EStopSp3";"T02_PLCALS_0021";"03";"ESP-Core";"";"1";"50";"1";"ESP-Core";" ";"PLC";"";"0"
"ESP-Core";".ESAlarms.General.Fire";"T02_PLCALS_0022";"03";"ESP-Core";"";"1";"50";"1";"ESP-Core";" ";"PLC";"";"0"
"ESP-Core";".ESAlarms.General.FltAirConPS";"T02_PLCALS_0023";"01";"ESP-Core";"";"1";"50";"1";"ESP-Core";" ";"PLC";"";"0"
"ESP-Core";".ESAlarms.General.FltAirConLine";"T02_PLCALS_0024";"01";"ESP-Core";"";"1";"50";"1";"ESP-Core";" ";"PLC";"";"0"
"ESP-Core";".ESAlarms.General.FltWaste1Max";"T02_PLCALS_0025";"01";"ESP-Core";"";"1";"50";"1";"ESP-Core";" ";"PLC";"";"0"
"ESP-Core";".ESAlarms.General.FltWaste2Max";"T02_PLCALS_0026";"01";"ESP-Core";"";"1";"50";"1";"ESP-Core";" ";"PLC";"";"0"
"ESP-Core";".ESAlarms.General.FltWasteExt";"T02_PLCALS_0027";"01";"ESP-Core";"";"1";"50";"1";"ESP-Core";" ";"PLC";"";"0"
"ESP-Core";".ESAlarms.General.FltSpare1";"T02_PLCALS_0028";"01";"ESP-Core";"";"1";"50";"1";"ESP-Core";" ";"PLC";"";"0"
"ESP-Core";".ESAlarms.General.FltSpare2";"T02_PLCALS_0029";"01";"ESP-Core";"";"1";"50";"1";"ESP-Core";" ";"PLC";"";"0"
"ESP-Core";".ESAlarms.General.FltComPaintMix";"T02_PLCALS_0030";"01";"ESP-Core";"";"1";"50";"1";"ESP-Core";" ";"PLC";"";"0"
"ESP-Core";".ESAlarms.General.FltComPaintMan";"T02_PLCALS_0031";"01";"ESP-Core";"";"1";"50";"1";"ESP-Core";" ";"PLC";"";"0"
"ESP-Core";".ESAlarms.General.FltComStockMan";"T02_PLCALS_0032";"01";"ESP-Core";"";"1";"50";"1";"ESP-Core";" ";"PLC";"";"0"
"ESP-Core";".ESAlarms.General.FltComConv";"T02_PLCALS_0033";"01";"ESP-Core";"";"1";"50";"1";"ESP-Core";" ";"PLC";"";"0"
"ESP-Core";".ESAlarms.General.FltComMACC";"T02_PLCALS_0034";"01";"ESP-Core";"";"1";"50";"1";"ESP-Core";" ";"PLC";"";"0"
"ESP-Core";".ESAlarms.General.FltComRobAIR";"T02_PLCALS_0035";"01";"ESP-Core";"";"1";"50";"1";"ESP-Core";" ";"PLC";"";"0"
"ESP-Core";".ESAlarms.General.FltComRobESTA";"T02_PLCALS_0036";"01";"ESP-Core";"";"1";"50";"1";"ESP-Core";" ";"PLC";"";"0"
"ESP-Core";".ESAlarms.General.FltComSpare";"T02_PLCALS_0037";"01";"ESP-Core";"";"1";"50";"1";"ESP-Core";" ";"PLC";"";"0"
"ESP-Core";".ESAlarms.General.FltTypExt";"T02_PLCALS_0038";"01";"ESP-Core";"";"1";"50";"1";"ESP-Core";" ";"PLC";"";"0"
"ESP-Core";".ESAlarms.General.FltColExt";"T02_PLCALS_0039";"01";"ESP-Core";"";"1";"50";"1";"ESP-Core";" ";"PLC";"";"0"
"ESP-Core";".ESAlarms.General.FltColGrp";"T02_PLCALS_0040";"01";"ESP-Core";"";"1";"50";"1";"ESP-Core";" ";"PLC";"";"0"
"ESP-Core";".ESAlarms.General.FltRingPipe";"T02_PLCALS_0041";"01";"ESP-Core";"";"1";"50";"1";"ESP-Core";" ";"PLC";"";"0"
"ESP-Core";".ESAlarms.General.FltColValve";"T02_PLCALS_0042";"01";"ESP-Core";"";"1";"50";"1";"ESP-Core";" ";"PLC";"";"0"
"ESP-Core";".ESAlarms.General.FltInfo";"T02_PLCALS_0043";"01";"ESP-Core";"";"1";"50";"1";"ESP-Core";" ";"PLC";"";"0"
"ESP-Core";".ESAlarms.General.FltType";"T02_PLCALS_0044";"01";"ESP-Core";"";"1";"50";"1";"ESP-Core";" ";"PLC";"";"0"
"ESP-Core";".ESAlarms.General.FltColor";"T02_PLCALS_0045";"01";"ESP-Core";"";"1";"50";"1";"ESP-Core";" ";"PLC";"";"0"
"ESP-Core";".ESAlarms.General.FltPLCFan";"T02_PLCALS_0046";"01";"ESP-Core";"";"1";"50";"1";"ESP-Core";" ";"PLC";"";"0"
"ESP-Core";".ESAlarms.General.FltCabTemp";"T02_PLCALS_0047";"01";"ESP-Core";"";"1";"50";"1";"ESP-Core";" ";"PLC";"";"0"
"ESP-Core";".ESAlarms.General.FltVolDat";"T02_PLCALS_0048";"01";"ESP-Core";"";"1";"50";"1";"ESP-Core";" ";"PLC";"";"0"
"ESP-Core";".ESAlarms.General.FltCycAssPSDat";"T02_PLCALS_0049";"01";"ESP-Core";"";"1";"50";"1";"ESP-Core";" ";"PLC";"";"0"
"ESP-Core";".ESAlarms.General.FltCleanAssMLDat";"T02_PLCALS_0050";"01";"ESP-Core";"";"1";"50";"1";"ESP-Core";" ";"PLC";"";"0"
"ESP-Core";".ESAlarms.General.FltCycleDat";"T02_PLCALS_0051";"01";"ESP-Core";"";"1";"50";"1";"ESP-Core";" ";"PLC";"";"0"
"ESP-Core";".ESAlarms.General.FltColAssDat";"T02_PLCALS_0052";"01";"ESP-Core";"";"1";"50";"1";"ESP-Core";" ";"PLC";"";"0"
"ESP-Core";".ESAlarms.General.FltWasteDat";"T02_PLCALS_0053";"01";"ESP-Core";"";"1";"50";"1";"ESP-Core";" ";"PLC";"";"0"
"ESP-Core";".ESAlarms.General.FltTypAssDat";"T02_PLCALS_0054";"01";"ESP-Core";"";"1";"50";"1";"ESP-Core";" ";"PLC";"";"0"
"ESP-Core";".ESAlarms.General.FltScrapAssMLDat";"T02_PLCALS_0055";"01";"ESP-Core";"";"1";"50";"1";"ESP-Core";" ";"PLC";"";"0"
"ESP-Core";".ESAlarms.General.FltCycAssCChDat";"T02_PLCALS_0056";"01";"ESP-Core";"";"1";"50";"1";"ESP-Core";" ";"PLC";"";"0"
"ESP-Core";".ESAlarms.General.FltZoneParDat";"T02_PLCALS_0057";"01";"ESP-Core";"";"1";"50";"1";"ESP-Core";" ";"PLC";"";"0"
"ESP-Core";".ESAlarms.General.FltSpareDat";"T02_PLCALS_0058";"01";"ESP-Core";"";"1";"50";"1";"ESP-Core";" ";"PLC";"";"0"
"ESP-Core";".ESAlarms.General.FltSpare3";"T02_PLCALS_0059";"01";"ESP-Core";"";"1";"50";"1";"ESP-Core";" ";"PLC";"";"0"
"ESP-Core";".ESAlarms.General.FltSpare4";"T02_PLCALS_0060";"01";"ESP-Core";"";"1";"50";"1";"ESP-Core";" ";"PLC";"";"0"
"ESP-Core";".ESAlarms.General.FltPLCBat";"T02_PLCALS_0061";"01";"ESP-Core";"";"1";"50";"1";"ESP-Core";" ";"PLC";"";"0"
"ESP-Core";".ESAlarms.General.WarnOptimize";"T02_PLCALS_0062";"01";"ESP-Core";"";"1";"50";"1";"ESP-Core";" ";"PLC";"";"0"
"ESP-Core";".ESAlarms.General.WarnFire";"T02_PLCALS_0063";"01";"ESP-Core";"";"1";"50";"1";"ESP-Core";" ";"PLC";"";"0"
"ESP-Core";".ESAlarms.General.FltSpare5";"T02_PLCALS_0064";"01";"ESP-Core";"";"1";"50";"1";"ESP-Core";" ";"PLC";"";"0"
"ESP-Core";".ESAlarms.General.FltSpare6";"T02_PLCALS_0065";"01";"ESP-Core";"";"1";"50";"1";"ESP-Core";" ";"PLC";"";"0"
"ESP-Core";".ESAlarms.General.FltSpare7";"T02_PLCALS_0066";"01";"ESP-Core";"";"1";"50";"1";"ESP-Core";" ";"PLC";"";"0"
"ESP-Core";".ESAlarms.General.FltFieldBus";"T02_PLCALS_0067";"01";"ESP-Core";"";"1";"50";"1";"ESP-Core";" ";"PLC";"";"0"
"ESP-Core";".ESAlarms.General.FltSpare8";"T02_PLCALS_0068";"01";"ESP-Core";"";"1";"50";"1";"ESP-Core";" ";"PLC";"";"0"
"ESP-Core";".ESAlarms.General.FltGeneral";"T02_PLCALS_0069";"01";"ESP-Core";"";"1";"50";"1";"ESP-Core";" ";"PLC";"";"0"
"ESP-Core";".ESAlarms.General.FltPnCab";"T02_PLCALS_0070";"01";"ESP-Core";"";"1";"50";"1";"ESP-Core";" ";"PLC";"";"0"
"ESP-Core";".ESAlarms.General.FltPnAppl1";"T02_PLCALS_0071";"01";"ESP-Core";"";"1";"50";"1";"ESP-Core";" ";"PLC";"";"0"
"ESP-Core";".ESAlarms.General.FltPnAppl2";"T02_PLCALS_0072";"01";"ESP-Core";"";"1";"50";"1";"ESP-Core";" ";"PLC";"";"0"
"ESP-Core";".ESAlarms.General.FltPnAppl3";"T02_PLCALS_0073";"01";"ESP-Core";"";"1";"50";"1";"ESP-Core";" ";"PLC";"";"0"
"ESP-Core";".ESAlarms.General.FltPnAppl4";"T02_PLCALS_0074";"01";"ESP-Core";"";"1";"50";"1";"ESP-Core";" ";"PLC";"";"0"
"ESP-Core";".ESAlarms.General.FltPnAppl5";"T02_PLCALS_0075";"01";"ESP-Core";"";"1";"50";"1";"ESP-Core";" ";"PLC";"";"0"
"ESP-Core";".ESAlarms.General.FltPnAppl6";"T02_PLCALS_0076";"01";"ESP-Core";"";"1";"50";"1";"ESP-Core";" ";"PLC";"";"0"
"ESP-Core";".ESAlarms.General.FltPnAppl7";"T02_PLCALS_0077";"01";"ESP-Core";"";"1";"50";"1";"ESP-Core";" ";"PLC";"";"0"
"ESP-Core";".ESAlarms.General.FltPnAppl8";"T02_PLCALS_0078";"01";"ESP-Core";"";"1";"50";"1";"ESP-Core";" ";"PLC";"";"0"
"ESP-Core";".ESAlarms.General.FltPnAppl9";"T02_PLCALS_0079";"01";"ESP-Core";"";"1";"50";"1";"ESP-Core";" ";"PLC";"";"0"
"ESP-Core";".ESAlarms.General.FltPnAppl10";"T02_PLCALS_0080";"01";"ESP-Core";"";"1";"50";"1";"ESP-Core";" ";"PLC";"";"0"
"ESP-Core";".ESAlarms.General.FltPnAppl11";"T02_PLCALS_0081";"01";"ESP-Core";"";"1";"50";"1";"ESP-Core";" ";"PLC";"";"0"
"ESP-Core";".ESAlarms.General.FltPnAppl12";"T02_PLCALS_0082";"01";"ESP-Core";"";"1";"50";"1";"ESP-Core";" ";"PLC";"";"0"
"ESP-Core";".ESAlarms.General.FltPnAppl13";"T02_PLCALS_0083";"01";"ESP-Core";"";"1";"50";"1";"ESP-Core";" ";"PLC";"";"0"
"ESP-Core";".ESAlarms.General.FltPnAppl14";"T02_PLCALS_0084";"01";"ESP-Core";"";"1";"50";"1";"ESP-Core";" ";"PLC";"";"0"
"ESP-Core";".ESAlarms.General.FltPnAppl15";"T02_PLCALS_0085";"01";"ESP-Core";"";"1";"50";"1";"ESP-Core";" ";"PLC";"";"0"
"ESP-Core";".ESAlarms.General.FltPnAppl16";"T02_PLCALS_0086";"01";"ESP-Core";"";"1";"50";"1";"ESP-Core";" ";"PLC";"";"0"
"ESP-Core";".ESAlarms.General.FltPnAppl17";"T02_PLCALS_0087";"01";"ESP-Core";"";"1";"50";"1";"ESP-Core";" ";"PLC";"";"0"
"ESP-Core";".ESAlarms.General.FltPnAppl18";"T02_PLCALS_0088";"01";"ESP-Core";"";"1";"50";"1";"ESP-Core";" ";"PLC";"";"0"
"ESP-Core";".ESAlarms.General.FltPnAppl19";"T02_PLCALS_0089";"01";"ESP-Core";"";"1";"50";"1";"ESP-Core";" ";"PLC";"";"0"
"ESP-Core";".ESAlarms.General.FltPnAppl20";"T02_PLCALS_0090";"01";"ESP-Core";"";"1";"50";"1";"ESP-Core";" ";"PLC";"";"0"
"ESP-Core";".ESAlarms.General.FltSolvPrAppl1";"T02_PLCALS_0091";"01";"ESP-Core";"";"1";"50";"1";"ESP-Core";" ";"PLC";"";"0"
"ESP-Core";".ESAlarms.General.FltSolvPrAppl2";"T02_PLCALS_0092";"01";"ESP-Core";"";"1";"50";"1";"ESP-Core";" ";"PLC";"";"0"
"ESP-Core";".ESAlarms.General.FltSolvPrAppl3";"T02_PLCALS_0093";"01";"ESP-Core";"";"1";"50";"1";"ESP-Core";" ";"PLC";"";"0"
"ESP-Core";".ESAlarms.General.FltSolvPrAppl4";"T02_PLCALS_0094";"01";"ESP-Core";"";"1";"50";"1";"ESP-Core";" ";"PLC";"";"0"
"ESP-Core";".ESAlarms.General.FltSolvPrAppl5";"T02_PLCALS_0095";"01";"ESP-Core";"";"1";"50";"1";"ESP-Core";" ";"PLC";"";"0"
"ESP-Core";".ESAlarms.General.FltSolvPrAppl6";"T02_PLCALS_0096";"01";"ESP-Core";"";"1";"50";"1";"ESP-Core";" ";"PLC";"";"0"
"ESP-Core";".ESAlarms.General.FltSolvPrAppl7";"T02_PLCALS_0097";"01";"ESP-Core";"";"1";"50";"1";"ESP-Core";" ";"PLC";"";"0"
"ESP-Core";".ESAlarms.General.FltSolvPrAppl8";"T02_PLCALS_0098";"01";"ESP-Core";"";"1";"50";"1";"ESP-Core";" ";"PLC";"";"0"
"ESP-Core";".ESAlarms.General.FltSolvPrAppl9";"T02_PLCALS_0099";"01";"ESP-Core";"";"1";"50";"1";"ESP-Core";" ";"PLC";"";"0"
"ESP-Core";".ESAlarms.General.FltSolvPrAppl10";"T02_PLCALS_0100";"01";"ESP-Core";"";"1";"50";"1";"ESP-Core";" ";"PLC";"";"0"
"ESP-Core";".ESAlarms.General.FltSolvPrAppl11";"T02_PLCALS_0101";"01";"ESP-Core";"";"1";"50";"1";"ESP-Core";" ";"PLC";"";"0"
"ESP-Core";".ESAlarms.General.FltSolvPrAppl12";"T02_PLCALS_0102";"01";"ESP-Core";"";"1";"50";"1";"ESP-Core";" ";"PLC";"";"0"
"ESP-Core";".ESAlarms.General.FltSolvPrAppl13";"T02_PLCALS_0103";"01";"ESP-Core";"";"1";"50";"1";"ESP-Core";" ";"PLC";"";"0"
"ESP-Core";".ESAlarms.General.FltSolvPrAppl14";"T02_PLCALS_0104";"01";"ESP-Core";"";"1";"50";"1";"ESP-Core";" ";"PLC";"";"0"
"ESP-Core";".ESAlarms.General.FltSolvPrAppl15";"T02_PLCALS_0105";"01";"ESP-Core";"";"1";"50";"1";"ESP-Core";" ";"PLC";"";"0"
"ESP-Core";".ESAlarms.General.FltSolvPrAppl16";"T02_PLCALS_0106";"01";"ESP-Core";"";"1";"50";"1";"ESP-Core";" ";"PLC";"";"0"
"ESP-Core";".ESAlarms.General.FltSolvPrAppl17";"T02_PLCALS_0107";"01";"ESP-Core";"";"1";"50";"1";"ESP-Core";" ";"PLC";"";"0"
"ESP-Core";".ESAlarms.General.FltSolvPrAppl18";"T02_PLCALS_0108";"01";"ESP-Core";"";"1";"50";"1";"ESP-Core";" ";"PLC";"";"0"
"ESP-Core";".ESAlarms.General.FltSolvPrAppl19";"T02_PLCALS_0109";"01";"ESP-Core";"";"1";"50";"1";"ESP-Core";" ";"PLC";"";"0"
"ESP-Core";".ESAlarms.General.FltSolvPrAppl20";"T02_PLCALS_0110";"01";"ESP-Core";"";"1";"50";"1";"ESP-Core";" ";"PLC";"";"0"
"ESP-Core";".ESAlarms.General.FltPneumatic";"T02_PLCALS_0111";"01";"ESP-Core";"";"1";"50";"1";"ESP-Core";" ";"PLC";"";"0"
"ESP-Core";".ESAlarms.PS[1].General";"T02_PLCALS_0112";"01";"ESP-Core";"";"1";"50";"1";"ESP-Core";" ";"PLC";"";"0"
"ESP-Core";".ESAlarms.PS[1].WarnDisabled";"T02_PLCALS_0113";"01";"ESP-Core";"";"1";"50";"1";"ESP-Core";" ";"PLC";"";"0"
"ESP-Core";".ESAlarms.PS[1].ColCode";"T02_PLCALS_0114";"01";"ESP-Core";"";"1";"50";"1";"ESP-Core";" ";"PLC";"";"0"
"ESP-Core";".ESAlarms.PS[1].ColGroup";"T02_PLCALS_0115";"01";"ESP-Core";"";"1";"50";"1";"ESP-Core";" ";"PLC";"";"0"
"ESP-Core";".ESAlarms.PS[1].WasteLevel";"T02_PLCALS_0116";"01";"ESP-Core";"";"1";"50";"1";"ESP-Core";" ";"PLC";"";"0"
"ESP-Core";".ESAlarms.PS[1].Interlock_1";"T02_PLCALS_0117";"01";"ESP-Core";"";"1";"50";"1";"ESP-Core";" ";"PLC";"";"0"
"ESP-Core";".ESAlarms.PS[1].Interlock_2";"T02_PLCALS_0118";"01";"ESP-Core";"";"1";"50";"1";"ESP-Core";" ";"PLC";"";"0"
"ESP-Core";".ESAlarms.PS[1].CleanNr";"T02_PLCALS_0119";"01";"ESP-Core";"";"1";"50";"1";"ESP-Core";" ";"PLC";"";"0"
"ESP-Core";".ESAlarms.PS[1].LoadNr";"T02_PLCALS_0120";"01";"ESP-Core";"";"1";"50";"1";"ESP-Core";" ";"PLC";"";"0"
"ESP-Core";".ESAlarms.PS[1].ReflowNr";"T02_PLCALS_0121";"01";"ESP-Core";"";"1";"50";"1";"ESP-Core";" ";"PLC";"";"0"
"ESP-Core";".ESAlarms.PS[1].ManualPurgeNr";"T02_PLCALS_0122";"01";"ESP-Core";"";"1";"50";"1";"ESP-Core";" ";"PLC";"";"0"
"ESP-Core";".ESAlarms.PS[1].CleanTimeout";"T02_PLCALS_0123";"01";"ESP-Core";"";"1";"50";"1";"ESP-Core";" ";"PLC";"";"0"
"ESP-Core";".ESAlarms.PS[1].LoadTimeout";"T02_PLCALS_0124";"01";"ESP-Core";"";"1";"50";"1";"ESP-Core";" ";"PLC";"";"0"
"ESP-Core";".ESAlarms.PS[1].ReflowTimeout";"T02_PLCALS_0125";"01";"ESP-Core";"";"1";"50";"1";"ESP-Core";" ";"PLC";"";"0"
"ESP-Core";".ESAlarms.PS[1].AutoStart";"T02_PLCALS_0126";"01";"ESP-Core";"";"1";"50";"1";"ESP-Core";" ";"PLC";"";"0"
"ESP-Core";".ESAlarms.PS[1].BLV";"T02_PLCALS_0127";"01";"ESP-Core";"";"1";"50";"1";"ESP-Core";" ";"PLC";"";"0"
"ESP-Core";".ESAlarms.PS[2].General";"T02_PLCALS_0128";"01";"ESP-Core";"";"1";"50";"1";"ESP-Core";" ";"PLC";"";"0"
"ESP-Core";".ESAlarms.PS[2].WarnDisabled";"T02_PLCALS_0129";"01";"ESP-Core";"";"1";"50";"1";"ESP-Core";" ";"PLC";"";"0"
"ESP-Core";".ESAlarms.PS[2].ColCode";"T02_PLCALS_0130";"01";"ESP-Core";"";"1";"50";"1";"ESP-Core";" ";"PLC";"";"0"
"ESP-Core";".ESAlarms.PS[2].ColGroup";"T02_PLCALS_0131";"01";"ESP-Core";"";"1";"50";"1";"ESP-Core";" ";"PLC";"";"0"
"ESP-Core";".ESAlarms.PS[2].WasteLevel";"T02_PLCALS_0132";"01";"ESP-Core";"";"1";"50";"1";"ESP-Core";" ";"PLC";"";"0"
"ESP-Core";".ESAlarms.PS[2].Interlock_1";"T02_PLCALS_0133";"01";"ESP-Core";"";"1";"50";"1";"ESP-Core";" ";"PLC";"";"0"
"ESP-Core";".ESAlarms.PS[2].Interlock_2";"T02_PLCALS_0134";"01";"ESP-Core";"";"1";"50";"1";"ESP-Core";" ";"PLC";"";"0"
"ESP-Core";".ESAlarms.PS[2].CleanNr";"T02_PLCALS_0135";"01";"ESP-Core";"";"1";"50";"1";"ESP-Core";" ";"PLC";"";"0"
"ESP-Core";".ESAlarms.PS[2].LoadNr";"T02_PLCALS_0136";"01";"ESP-Core";"";"1";"50";"1";"ESP-Core";" ";"PLC";"";"0"
"ESP-Core";".ESAlarms.PS[2].ReflowNr";"T02_PLCALS_0137";"01";"ESP-Core";"";"1";"50";"1";"ESP-Core";" ";"PLC";"";"0"
"ESP-Core";".ESAlarms.PS[2].ManualPurgeNr";"T02_PLCALS_0138";"01";"ESP-Core";"";"1";"50";"1";"ESP-Core";" ";"PLC";"";"0"
"ESP-Core";".ESAlarms.PS[2].CleanTimeout";"T02_PLCALS_0139";"01";"ESP-Core";"";"1";"50";"1";"ESP-Core";" ";"PLC";"";"0"
"ESP-Core";".ESAlarms.PS[2].LoadTimeout";"T02_PLCALS_0140";"01";"ESP-Core";"";"1";"50";"1";"ESP-Core";" ";"PLC";"";"0"
"ESP-Core";".ESAlarms.PS[2].ReflowTimeout";"T02_PLCALS_0141";"01";"ESP-Core";"";"1";"50";"1";"ESP-Core";" ";"PLC";"";"0"
"ESP-Core";".ESAlarms.PS[2].AutoStart";"T02_PLCALS_0142";"01";"ESP-Core";"";"1";"50";"1";"ESP-Core";" ";"PLC";"";"0"
"ESP-Core";".ESAlarms.PS[2].BLV";"T02_PLCALS_0143";"01";"ESP-Core";"";"1";"50";"1";"ESP-Core";" ";"PLC";"";"0"
"ESP-Core";".ESAlarms.PS[3].General";"T02_PLCALS_0144";"01";"ESP-Core";"";"1";"50";"1";"ESP-Core";" ";"PLC";"";"0"
"ESP-Core";".ESAlarms.PS[3].WarnDisabled";"T02_PLCALS_0145";"01";"ESP-Core";"";"1";"50";"1";"ESP-Core";" ";"PLC";"";"0"
"ESP-Core";".ESAlarms.PS[3].ColCode";"T02_PLCALS_0146";"01";"ESP-Core";"";"1";"50";"1";"ESP-Core";" ";"PLC";"";"0"
"ESP-Core";".ESAlarms.PS[3].ColGroup";"T02_PLCALS_0147";"01";"ESP-Core";"";"1";"50";"1";"ESP-Core";" ";"PLC";"";"0"
"ESP-Core";".ESAlarms.PS[3].WasteLevel";"T02_PLCALS_0148";"01";"ESP-Core";"";"1";"50";"1";"ESP-Core";" ";"PLC";"";"0"
"ESP-Core";".ESAlarms.PS[3].Interlock_1";"T02_PLCALS_0149";"01";"ESP-Core";"";"1";"50";"1";"ESP-Core";" ";"PLC";"";"0"
"ESP-Core";".ESAlarms.PS[3].Interlock_2";"T02_PLCALS_0150";"01";"ESP-Core";"";"1";"50";"1";"ESP-Core";" ";"PLC";"";"0"
"ESP-Core";".ESAlarms.PS[3].CleanNr";"T02_PLCALS_0151";"01";"ESP-Core";"";"1";"50";"1";"ESP-Core";" ";"PLC";"";"0"
"ESP-Core";".ESAlarms.PS[3].LoadNr";"T02_PLCALS_0152";"01";"ESP-Core";"";"1";"50";"1";"ESP-Core";" ";"PLC";"";"0"
"ESP-Core";".ESAlarms.PS[3].ReflowNr";"T02_PLCALS_0153";"01";"ESP-Core";"";"1";"50";"1";"ESP-Core";" ";"PLC";"";"0"
"ESP-Core";".ESAlarms.PS[3].ManualPurgeNr";"T02_PLCALS_0154";"01";"ESP-Core";"";"1";"50";"1";"ESP-Core";" ";"PLC";"";"0"
"ESP-Core";".ESAlarms.PS[3].CleanTimeout";"T02_PLCALS_0155";"01";"ESP-Core";"";"1";"50";"1";"ESP-Core";" ";"PLC";"";"0"
"ESP-Core";".ESAlarms.PS[3].LoadTimeout";"T02_PLCALS_0156";"01";"ESP-Core";"";"1";"50";"1";"ESP-Core";" ";"PLC";"";"0"
"ESP-Core";".ESAlarms.PS[3].ReflowTimeout";"T02_PLCALS_0157";"01";"ESP-Core";"";"1";"50";"1";"ESP-Core";" ";"PLC";"";"0"
"ESP-Core";".ESAlarms.PS[3].AutoStart";"T02_PLCALS_0158";"01";"ESP-Core";"";"1";"50";"1";"ESP-Core";" ";"PLC";"";"0"
"ESP-Core";".ESAlarms.PS[3].BLV";"T02_PLCALS_0159";"01";"ESP-Core";"";"1";"50";"1";"ESP-Core";" ";"PLC";"";"0"
"ESP-Core";".ESAlarms.PS[4].General";"T02_PLCALS_0160";"01";"ESP-Core";"";"1";"50";"1";"ESP-Core";" ";"PLC";"";"0"
"ESP-Core";".ESAlarms.PS[4].WarnDisabled";"T02_PLCALS_0161";"01";"ESP-Core";"";"1";"50";"1";"ESP-Core";" ";"PLC";"";"0"
"ESP-Core";".ESAlarms.PS[4].ColCode";"T02_PLCALS_0162";"01";"ESP-Core";"";"1";"50";"1";"ESP-Core";" ";"PLC";"";"0"
"ESP-Core";".ESAlarms.PS[4].ColGroup";"T02_PLCALS_0163";"01";"ESP-Core";"";"1";"50";"1";"ESP-Core";" ";"PLC";"";"0"
"ESP-Core";".ESAlarms.PS[4].WasteLevel";"T02_PLCALS_0164";"01";"ESP-Core";"";"1";"50";"1";"ESP-Core";" ";"PLC";"";"0"
"ESP-Core";".ESAlarms.PS[4].Interlock_1";"T02_PLCALS_0165";"01";"ESP-Core";"";"1";"50";"1";"ESP-Core";" ";"PLC";"";"0"
"ESP-Core";".ESAlarms.PS[4].Interlock_2";"T02_PLCALS_0166";"01";"ESP-Core";"";"1";"50";"1";"ESP-Core";" ";"PLC";"";"0"
"ESP-Core";".ESAlarms.PS[4].CleanNr";"T02_PLCALS_0167";"01";"ESP-Core";"";"1";"50";"1";"ESP-Core";" ";"PLC";"";"0"
"ESP-Core";".ESAlarms.PS[4].LoadNr";"T02_PLCALS_0168";"01";"ESP-Core";"";"1";"50";"1";"ESP-Core";" ";"PLC";"";"0"
"ESP-Core";".ESAlarms.PS[4].ReflowNr";"T02_PLCALS_0169";"01";"ESP-Core";"";"1";"50";"1";"ESP-Core";" ";"PLC";"";"0"
"ESP-Core";".ESAlarms.PS[4].ManualPurgeNr";"T02_PLCALS_0170";"01";"ESP-Core";"";"1";"50";"1";"ESP-Core";" ";"PLC";"";"0"
"ESP-Core";".ESAlarms.PS[4].CleanTimeout";"T02_PLCALS_0171";"01";"ESP-Core";"";"1";"50";"1";"ESP-Core";" ";"PLC";"";"0"
"ESP-Core";".ESAlarms.PS[4].LoadTimeout";"T02_PLCALS_0172";"01";"ESP-Core";"";"1";"50";"1";"ESP-Core";" ";"PLC";"";"0"
"ESP-Core";".ESAlarms.PS[4].ReflowTimeout";"T02_PLCALS_0173";"01";"ESP-Core";"";"1";"50";"1";"ESP-Core";" ";"PLC";"";"0"
"ESP-Core";".ESAlarms.PS[4].AutoStart";"T02_PLCALS_0174";"01";"ESP-Core";"";"1";"50";"1";"ESP-Core";" ";"PLC";"";"0"
"ESP-Core";".ESAlarms.PS[4].BLV";"T02_PLCALS_0175";"01";"ESP-Core";"";"1";"50";"1";"ESP-Core";" ";"PLC";"";"0"
"ESP-Core";".ESAlarms.PS[5].General";"T02_PLCALS_0176";"01";"ESP-Core";"";"1";"50";"1";"ESP-Core";" ";"PLC";"";"0"
"ESP-Core";".ESAlarms.PS[5].WarnDisabled";"T02_PLCALS_0177";"01";"ESP-Core";"";"1";"50";"1";"ESP-Core";" ";"PLC";"";"0"
"ESP-Core";".ESAlarms.PS[5].ColCode";"T02_PLCALS_0178";"01";"ESP-Core";"";"1";"50";"1";"ESP-Core";" ";"PLC";"";"0"
"ESP-Core";".ESAlarms.PS[5].ColGroup";"T02_PLCALS_0179";"01";"ESP-Core";"";"1";"50";"1";"ESP-Core";" ";"PLC";"";"0"
"ESP-Core";".ESAlarms.PS[5].WasteLevel";"T02_PLCALS_0180";"01";"ESP-Core";"";"1";"50";"1";"ESP-Core";" ";"PLC";"";"0"
"ESP-Core";".ESAlarms.PS[5].Interlock_1";"T02_PLCALS_0181";"01";"ESP-Core";"";"1";"50";"1";"ESP-Core";" ";"PLC";"";"0"
"ESP-Core";".ESAlarms.PS[5].Interlock_2";"T02_PLCALS_0182";"01";"ESP-Core";"";"1";"50";"1";"ESP-Core";" ";"PLC";"";"0"
"ESP-Core";".ESAlarms.PS[5].CleanNr";"T02_PLCALS_0183";"01";"ESP-Core";"";"1";"50";"1";"ESP-Core";" ";"PLC";"";"0"
"ESP-Core";".ESAlarms.PS[5].LoadNr";"T02_PLCALS_0184";"01";"ESP-Core";"";"1";"50";"1";"ESP-Core";" ";"PLC";"";"0"
"ESP-Core";".ESAlarms.PS[5].ReflowNr";"T02_PLCALS_0185";"01";"ESP-Core";"";"1";"50";"1";"ESP-Core";" ";"PLC";"";"0"
"ESP-Core";".ESAlarms.PS[5].ManualPurgeNr";"T02_PLCALS_0186";"01";"ESP-Core";"";"1";"50";"1";"ESP-Core";" ";"PLC";"";"0"
"ESP-Core";".ESAlarms.PS[5].CleanTimeout";"T02_PLCALS_0187";"01";"ESP-Core";"";"1";"50";"1";"ESP-Core";" ";"PLC";"";"0"
"ESP-Core";".ESAlarms.PS[5].LoadTimeout";"T02_PLCALS_0188";"01";"ESP-Core";"";"1";"50";"1";"ESP-Core";" ";"PLC";"";"0"
"ESP-Core";".ESAlarms.PS[5].ReflowTimeout";"T02_PLCALS_0189";"01";"ESP-Core";"";"1";"50";"1";"ESP-Core";" ";"PLC";"";"0"
"ESP-Core";".ESAlarms.PS[5].AutoStart";"T02_PLCALS_0190";"01";"ESP-Core";"";"1";"50";"1";"ESP-Core";" ";"PLC";"";"0"
"ESP-Core";".ESAlarms.PS[5].BLV";"T02_PLCALS_0191";"01";"ESP-Core";"";"1";"50";"1";"ESP-Core";" ";"PLC";"";"0"
"ESP-Core";".ESAlarms.PS[6].General";"T02_PLCALS_0192";"01";"ESP-Core";"";"1";"50";"1";"ESP-Core";" ";"PLC";"";"0"
"ESP-Core";".ESAlarms.PS[6].WarnDisabled";"T02_PLCALS_0193";"01";"ESP-Core";"";"1";"50";"1";"ESP-Core";" ";"PLC";"";"0"
"ESP-Core";".ESAlarms.PS[6].ColCode";"T02_PLCALS_0194";"01";"ESP-Core";"";"1";"50";"1";"ESP-Core";" ";"PLC";"";"0"
"ESP-Core";".ESAlarms.PS[6].ColGroup";"T02_PLCALS_0195";"01";"ESP-Core";"";"1";"50";"1";"ESP-Core";" ";"PLC";"";"0"
"ESP-Core";".ESAlarms.PS[6].WasteLevel";"T02_PLCALS_0196";"01";"ESP-Core";"";"1";"50";"1";"ESP-Core";" ";"PLC";"";"0"
"ESP-Core";".ESAlarms.PS[6].Interlock_1";"T02_PLCALS_0197";"01";"ESP-Core";"";"1";"50";"1";"ESP-Core";" ";"PLC";"";"0"
"ESP-Core";".ESAlarms.PS[6].Interlock_2";"T02_PLCALS_0198";"01";"ESP-Core";"";"1";"50";"1";"ESP-Core";" ";"PLC";"";"0"
"ESP-Core";".ESAlarms.PS[6].CleanNr";"T02_PLCALS_0199";"01";"ESP-Core";"";"1";"50";"1";"ESP-Core";" ";"PLC";"";"0"
"ESP-Core";".ESAlarms.PS[6].LoadNr";"T02_PLCALS_0200";"01";"ESP-Core";"";"1";"50";"1";"ESP-Core";" ";"PLC";"";"0"
"ESP-Core";".ESAlarms.PS[6].ReflowNr";"T02_PLCALS_0201";"01";"ESP-Core";"";"1";"50";"1";"ESP-Core";" ";"PLC";"";"0"
"ESP-Core";".ESAlarms.PS[6].ManualPurgeNr";"T02_PLCALS_0202";"01";"ESP-Core";"";"1";"50";"1";"ESP-Core";" ";"PLC";"";"0"
"ESP-Core";".ESAlarms.PS[6].CleanTimeout";"T02_PLCALS_0203";"01";"ESP-Core";"";"1";"50";"1";"ESP-Core";" ";"PLC";"";"0"
"ESP-Core";".ESAlarms.PS[6].LoadTimeout";"T02_PLCALS_0204";"01";"ESP-Core";"";"1";"50";"1";"ESP-Core";" ";"PLC";"";"0"
"ESP-Core";".ESAlarms.PS[6].ReflowTimeout";"T02_PLCALS_0205";"01";"ESP-Core";"";"1";"50";"1";"ESP-Core";" ";"PLC";"";"0"
"ESP-Core";".ESAlarms.PS[6].AutoStart";"T02_PLCALS_0206";"01";"ESP-Core";"";"1";"50";"1";"ESP-Core";" ";"PLC";"";"0"
"ESP-Core";".ESAlarms.PS[6].BLV";"T02_PLCALS_0207";"01";"ESP-Core";"";"1";"50";"1";"ESP-Core";" ";"PLC";"";"0"
"ESP-Core";".ESAlarms.PS[7].General";"T02_PLCALS_0208";"01";"ESP-Core";"";"1";"50";"1";"ESP-Core";" ";"PLC";"";"0"
"ESP-Core";".ESAlarms.PS[7].WarnDisabled";"T02_PLCALS_0209";"01";"ESP-Core";"";"1";"50";"1";"ESP-Core";" ";"PLC";"";"0"
"ESP-Core";".ESAlarms.PS[7].ColCode";"T02_PLCALS_0210";"01";"ESP-Core";"";"1";"50";"1";"ESP-Core";" ";"PLC";"";"0"
"ESP-Core";".ESAlarms.PS[7].ColGroup";"T02_PLCALS_0211";"01";"ESP-Core";"";"1";"50";"1";"ESP-Core";" ";"PLC";"";"0"
"ESP-Core";".ESAlarms.PS[7].WasteLevel";"T02_PLCALS_0212";"01";"ESP-Core";"";"1";"50";"1";"ESP-Core";" ";"PLC";"";"0"
"ESP-Core";".ESAlarms.PS[7].Interlock_1";"T02_PLCALS_0213";"01";"ESP-Core";"";"1";"50";"1";"ESP-Core";" ";"PLC";"";"0"
"ESP-Core";".ESAlarms.PS[7].Interlock_2";"T02_PLCALS_0214";"01";"ESP-Core";"";"1";"50";"1";"ESP-Core";" ";"PLC";"";"0"
"ESP-Core";".ESAlarms.PS[7].CleanNr";"T02_PLCALS_0215";"01";"ESP-Core";"";"1";"50";"1";"ESP-Core";" ";"PLC";"";"0"
"ESP-Core";".ESAlarms.PS[7].LoadNr";"T02_PLCALS_0216";"01";"ESP-Core";"";"1";"50";"1";"ESP-Core";" ";"PLC";"";"0"
"ESP-Core";".ESAlarms.PS[7].ReflowNr";"T02_PLCALS_0217";"01";"ESP-Core";"";"1";"50";"1";"ESP-Core";" ";"PLC";"";"0"
"ESP-Core";".ESAlarms.PS[7].ManualPurgeNr";"T02_PLCALS_0218";"01";"ESP-Core";"";"1";"50";"1";"ESP-Core";" ";"PLC";"";"0"
"ESP-Core";".ESAlarms.PS[7].CleanTimeout";"T02_PLCALS_0219";"01";"ESP-Core";"";"1";"50";"1";"ESP-Core";" ";"PLC";"";"0"
"ESP-Core";".ESAlarms.PS[7].LoadTimeout";"T02_PLCALS_0220";"01";"ESP-Core";"";"1";"50";"1";"ESP-Core";" ";"PLC";"";"0"
"ESP-Core";".ESAlarms.PS[7].ReflowTimeout";"T02_PLCALS_0221";"01";"ESP-Core";"";"1";"50";"1";"ESP-Core";" ";"PLC";"";"0"
"ESP-Core";".ESAlarms.PS[7].AutoStart";"T02_PLCALS_0222";"01";"ESP-Core";"";"1";"50";"1";"ESP-Core";" ";"PLC";"";"0"
"ESP-Core";".ESAlarms.PS[7].BLV";"T02_PLCALS_0223";"01";"ESP-Core";"";"1";"50";"1";"ESP-Core";" ";"PLC";"";"0"
"ESP-Core";".ESAlarms.PS[8].General";"T02_PLCALS_0224";"01";"ESP-Core";"";"1";"50";"1";"ESP-Core";" ";"PLC";"";"0"
"ESP-Core";".ESAlarms.PS[8].WarnDisabled";"T02_PLCALS_0225";"01";"ESP-Core";"";"1";"50";"1";"ESP-Core";" ";"PLC";"";"0"
"ESP-Core";".ESAlarms.PS[8].ColCode";"T02_PLCALS_0226";"01";"ESP-Core";"";"1";"50";"1";"ESP-Core";" ";"PLC";"";"0"
"ESP-Core";".ESAlarms.PS[8].ColGroup";"T02_PLCALS_0227";"01";"ESP-Core";"";"1";"50";"1";"ESP-Core";" ";"PLC";"";"0"
"ESP-Core";".ESAlarms.PS[8].WasteLevel";"T02_PLCALS_0228";"01";"ESP-Core";"";"1";"50";"1";"ESP-Core";" ";"PLC";"";"0"
"ESP-Core";".ESAlarms.PS[8].Interlock_1";"T02_PLCALS_0229";"01";"ESP-Core";"";"1";"50";"1";"ESP-Core";" ";"PLC";"";"0"
"ESP-Core";".ESAlarms.PS[8].Interlock_2";"T02_PLCALS_0230";"01";"ESP-Core";"";"1";"50";"1";"ESP-Core";" ";"PLC";"";"0"
"ESP-Core";".ESAlarms.PS[8].CleanNr";"T02_PLCALS_0231";"01";"ESP-Core";"";"1";"50";"1";"ESP-Core";" ";"PLC";"";"0"
"ESP-Core";".ESAlarms.PS[8].LoadNr";"T02_PLCALS_0232";"01";"ESP-Core";"";"1";"50";"1";"ESP-Core";" ";"PLC";"";"0"
"ESP-Core";".ESAlarms.PS[8].ReflowNr";"T02_PLCALS_0233";"01";"ESP-Core";"";"1";"50";"1";"ESP-Core";" ";"PLC";"";"0"
"ESP-Core";".ESAlarms.PS[8].ManualPurgeNr";"T02_PLCALS_0234";"01";"ESP-Core";"";"1";"50";"1";"ESP-Core";" ";"PLC";"";"0"
"ESP-Core";".ESAlarms.PS[8].CleanTimeout";"T02_PLCALS_0235";"01";"ESP-Core";"";"1";"50";"1";"ESP-Core";" ";"PLC";"";"0"
"ESP-Core";".ESAlarms.PS[8].LoadTimeout";"T02_PLCALS_0236";"01";"ESP-Core";"";"1";"50";"1";"ESP-Core";" ";"PLC";"";"0"
"ESP-Core";".ESAlarms.PS[8].ReflowTimeout";"T02_PLCALS_0237";"01";"ESP-Core";"";"1";"50";"1";"ESP-Core";" ";"PLC";"";"0"
"ESP-Core";".ESAlarms.PS[8].AutoStart";"T02_PLCALS_0238";"01";"ESP-Core";"";"1";"50";"1";"ESP-Core";" ";"PLC";"";"0"
"ESP-Core";".ESAlarms.PS[8].BLV";"T02_PLCALS_0239";"01";"ESP-Core";"";"1";"50";"1";"ESP-Core";" ";"PLC";"";"0"
"ESP-Core";".ESAlarms.PS[9].General";"T02_PLCALS_0240";"01";"ESP-Core";"";"1";"50";"1";"ESP-Core";" ";"PLC";"";"0"
"ESP-Core";".ESAlarms.PS[9].WarnDisabled";"T02_PLCALS_0241";"01";"ESP-Core";"";"1";"50";"1";"ESP-Core";" ";"PLC";"";"0"
"ESP-Core";".ESAlarms.PS[9].ColCode";"T02_PLCALS_0242";"01";"ESP-Core";"";"1";"50";"1";"ESP-Core";" ";"PLC";"";"0"
"ESP-Core";".ESAlarms.PS[9].ColGroup";"T02_PLCALS_0243";"01";"ESP-Core";"";"1";"50";"1";"ESP-Core";" ";"PLC";"";"0"
"ESP-Core";".ESAlarms.PS[9].WasteLevel";"T02_PLCALS_0244";"01";"ESP-Core";"";"1";"50";"1";"ESP-Core";" ";"PLC";"";"0"
"ESP-Core";".ESAlarms.PS[9].Interlock_1";"T02_PLCALS_0245";"01";"ESP-Core";"";"1";"50";"1";"ESP-Core";" ";"PLC";"";"0"
"ESP-Core";".ESAlarms.PS[9].Interlock_2";"T02_PLCALS_0246";"01";"ESP-Core";"";"1";"50";"1";"ESP-Core";" ";"PLC";"";"0"
"ESP-Core";".ESAlarms.PS[9].CleanNr";"T02_PLCALS_0247";"01";"ESP-Core";"";"1";"50";"1";"ESP-Core";" ";"PLC";"";"0"
"ESP-Core";".ESAlarms.PS[9].LoadNr";"T02_PLCALS_0248";"01";"ESP-Core";"";"1";"50";"1";"ESP-Core";" ";"PLC";"";"0"
"ESP-Core";".ESAlarms.PS[9].ReflowNr";"T02_PLCALS_0249";"01";"ESP-Core";"";"1";"50";"1";"ESP-Core";" ";"PLC";"";"0"
"ESP-Core";".ESAlarms.PS[9].ManualPurgeNr";"T02_PLCALS_0250";"01";"ESP-Core";"";"1";"50";"1";"ESP-Core";" ";"PLC";"";"0"
"ESP-Core";".ESAlarms.PS[9].CleanTimeout";"T02_PLCALS_0251";"01";"ESP-Core";"";"1";"50";"1";"ESP-Core";" ";"PLC";"";"0"
"ESP-Core";".ESAlarms.PS[9].LoadTimeout";"T02_PLCALS_0252";"01";"ESP-Core";"";"1";"50";"1";"ESP-Core";" ";"PLC";"";"0"
"ESP-Core";".ESAlarms.PS[9].ReflowTimeout";"T02_PLCALS_0253";"01";"ESP-Core";"";"1";"50";"1";"ESP-Core";" ";"PLC";"";"0"
"ESP-Core";".ESAlarms.PS[9].AutoStart";"T02_PLCALS_0254";"01";"ESP-Core";"";"1";"50";"1";"ESP-Core";" ";"PLC";"";"0"
"ESP-Core";".ESAlarms.PS[9].BLV";"T02_PLCALS_0255";"01";"ESP-Core";"";"1";"50";"1";"ESP-Core";" ";"PLC";"";"0"
"ESP-Core";".ESAlarms.PS[10].General";"T02_PLCALS_0256";"01";"ESP-Core";"";"1";"50";"1";"ESP-Core";" ";"PLC";"";"0"
"ESP-Core";".ESAlarms.PS[10].WarnDisabled";"T02_PLCALS_0257";"01";"ESP-Core";"";"1";"50";"1";"ESP-Core";" ";"PLC";"";"0"
"ESP-Core";".ESAlarms.PS[10].ColCode";"T02_PLCALS_0258";"01";"ESP-Core";"";"1";"50";"1";"ESP-Core";" ";"PLC";"";"0"
"ESP-Core";".ESAlarms.PS[10].ColGroup";"T02_PLCALS_0259";"01";"ESP-Core";"";"1";"50";"1";"ESP-Core";" ";"PLC";"";"0"
"ESP-Core";".ESAlarms.PS[10].WasteLevel";"T02_PLCALS_0260";"01";"ESP-Core";"";"1";"50";"1";"ESP-Core";" ";"PLC";"";"0"
"ESP-Core";".ESAlarms.PS[10].Interlock_1";"T02_PLCALS_0261";"01";"ESP-Core";"";"1";"50";"1";"ESP-Core";" ";"PLC";"";"0"
"ESP-Core";".ESAlarms.PS[10].Interlock_2";"T02_PLCALS_0262";"01";"ESP-Core";"";"1";"50";"1";"ESP-Core";" ";"PLC";"";"0"
"ESP-Core";".ESAlarms.PS[10].CleanNr";"T02_PLCALS_0263";"01";"ESP-Core";"";"1";"50";"1";"ESP-Core";" ";"PLC";"";"0"
"ESP-Core";".ESAlarms.PS[10].LoadNr";"T02_PLCALS_0264";"01";"ESP-Core";"";"1";"50";"1";"ESP-Core";" ";"PLC";"";"0"
"ESP-Core";".ESAlarms.PS[10].ReflowNr";"T02_PLCALS_0265";"01";"ESP-Core";"";"1";"50";"1";"ESP-Core";" ";"PLC";"";"0"
"ESP-Core";".ESAlarms.PS[10].ManualPurgeNr";"T02_PLCALS_0266";"01";"ESP-Core";"";"1";"50";"1";"ESP-Core";" ";"PLC";"";"0"
"ESP-Core";".ESAlarms.PS[10].CleanTimeout";"T02_PLCALS_0267";"01";"ESP-Core";"";"1";"50";"1";"ESP-Core";" ";"PLC";"";"0"
"ESP-Core";".ESAlarms.PS[10].LoadTimeout";"T02_PLCALS_0268";"01";"ESP-Core";"";"1";"50";"1";"ESP-Core";" ";"PLC";"";"0"
"ESP-Core";".ESAlarms.PS[10].ReflowTimeout";"T02_PLCALS_0269";"01";"ESP-Core";"";"1";"50";"1";"ESP-Core";" ";"PLC";"";"0"
"ESP-Core";".ESAlarms.PS[10].AutoStart";"T02_PLCALS_0270";"01";"ESP-Core";"";"1";"50";"1";"ESP-Core";" ";"PLC";"";"0"
"ESP-Core";".ESAlarms.PS[10].BLV";"T02_PLCALS_0271";"01";"ESP-Core";"";"1";"50";"1";"ESP-Core";" ";"PLC";"";"0"
"ESP-Core";".ESAlarms.SL[1].Interlock_1";"T02_PLCALS_0272";"01";"ESP-Core";"";"1";"50";"1";"ESP-Core";" ";"PLC";"";"0"
"ESP-Core";".ESAlarms.SL[1].Interlock_2";"T02_PLCALS_0273";"01";"ESP-Core";"";"1";"50";"1";"ESP-Core";" ";"PLC";"";"0"
"ESP-Core";".ESAlarms.SL[1].CleanNr";"T02_PLCALS_0274";"01";"ESP-Core";"";"1";"50";"1";"ESP-Core";" ";"PLC";"";"0"
"ESP-Core";".ESAlarms.SL[1].LoadNr";"T02_PLCALS_0275";"01";"ESP-Core";"";"1";"50";"1";"ESP-Core";" ";"PLC";"";"0"
"ESP-Core";".ESAlarms.SL[1].CleanTimeout";"T02_PLCALS_0276";"01";"ESP-Core";"";"1";"50";"1";"ESP-Core";" ";"PLC";"";"0"
"ESP-Core";".ESAlarms.SL[1].LoadTimeout";"T02_PLCALS_0277";"01";"ESP-Core";"";"1";"50";"1";"ESP-Core";" ";"PLC";"";"0"
"ESP-Core";".ESAlarms.SL[1].AutoStart";"T02_PLCALS_0278";"01";"ESP-Core";"";"1";"50";"1";"ESP-Core";" ";"PLC";"";"0"
"ESP-Core";".ESAlarms.SL[1].FltSourceCyl";"T02_PLCALS_0279";"01";"ESP-Core";"";"1";"50";"1";"ESP-Core";" ";"PLC";"";"0"
"ESP-Core";".ESAlarms.SL[1].FltLoadZMR";"T02_PLCALS_0280";"01";"ESP-Core";"";"1";"50";"1";"ESP-Core";" ";"PLC";"";"0"
"ESP-Core";".ESAlarms.SL[1].FltReflowQMP";"T02_PLCALS_0281";"01";"ESP-Core";"";"1";"50";"1";"ESP-Core";" ";"PLC";"";"0"
"ESP-Core";".ESAlarms.SL[1].FltLoadZFS";"T02_PLCALS_0282";"01";"ESP-Core";"";"1";"50";"1";"ESP-Core";" ";"PLC";"";"0"
"ESP-Core";".ESAlarms.SL[1].FltLoadQFS";"T02_PLCALS_0283";"01";"ESP-Core";"";"1";"50";"1";"ESP-Core";" ";"PLC";"";"0"
"ESP-Core";".ESAlarms.SL[1].FltNotReady";"T02_PLCALS_0284";"01";"ESP-Core";"";"1";"50";"1";"ESP-Core";" ";"PLC";"";"0"
"ESP-Core";".ESAlarms.SL[1].FltScrCycles";"T02_PLCALS_0285";"01";"ESP-Core";"";"1";"50";"1";"ESP-Core";" ";"PLC";"";"0"
"ESP-Core";".ESAlarms.SL[1].FltHoseCycles";"T02_PLCALS_0286";"01";"ESP-Core";"";"1";"50";"1";"ESP-Core";" ";"PLC";"";"0"
"ESP-Core";".ESAlarms.SL[1].FltDest";"T02_PLCALS_0287";"01";"ESP-Core";"";"1";"50";"1";"ESP-Core";" ";"PLC";"";"0"
"ESP-Core";".ESAlarms.SL[1].FltMSD";"T02_PLCALS_0288";"01";"ESP-Core";"";"1";"50";"1";"ESP-Core";" ";"PLC";"";"0"
"ESP-Core";".ESAlarms.SL[1].WarnReflowQMR";"T02_PLCALS_0289";"01";"ESP-Core";"";"1";"50";"1";"ESP-Core";" ";"PLC";"";"0"
"ESP-Core";".ESAlarms.SL[1].WarnLoadQMP";"T02_PLCALS_0290";"01";"ESP-Core";"";"1";"50";"1";"ESP-Core";" ";"PLC";"";"0"
"ESP-Core";".ESAlarms.SL[1].WarnScrCycles";"T02_PLCALS_0291";"01";"ESP-Core";"";"1";"50";"1";"ESP-Core";" ";"PLC";"";"0"
"ESP-Core";".ESAlarms.SL[1].WarnHoseCycles";"T02_PLCALS_0292";"01";"ESP-Core";"";"1";"50";"1";"ESP-Core";" ";"PLC";"";"0"
"ESP-Core";".ESAlarms.SL[1].WarnGen";"T02_PLCALS_0293";"01";"ESP-Core";"";"1";"50";"1";"ESP-Core";" ";"PLC";"";"0"
"ESP-Core";".ESAlarms.SL[1].General";"T02_PLCALS_0294";"01";"ESP-Core";"";"1";"50";"1";"ESP-Core";" ";"PLC";"";"0"
"ESP-Core";".ESAlarms.SL[2].Interlock_1";"T02_PLCALS_0295";"01";"ESP-Core";"";"1";"50";"1";"ESP-Core";" ";"PLC";"";"0"
"ESP-Core";".ESAlarms.SL[2].Interlock_2";"T02_PLCALS_0296";"01";"ESP-Core";"";"1";"50";"1";"ESP-Core";" ";"PLC";"";"0"
"ESP-Core";".ESAlarms.SL[2].CleanNr";"T02_PLCALS_0297";"01";"ESP-Core";"";"1";"50";"1";"ESP-Core";" ";"PLC";"";"0"
"ESP-Core";".ESAlarms.SL[2].LoadNr";"T02_PLCALS_0298";"01";"ESP-Core";"";"1";"50";"1";"ESP-Core";" ";"PLC";"";"0"
"ESP-Core";".ESAlarms.SL[2].CleanTimeout";"T02_PLCALS_0299";"01";"ESP-Core";"";"1";"50";"1";"ESP-Core";" ";"PLC";"";"0"
"ESP-Core";".ESAlarms.SL[2].LoadTimeout";"T02_PLCALS_0300";"01";"ESP-Core";"";"1";"50";"1";"ESP-Core";" ";"PLC";"";"0"
"ESP-Core";".ESAlarms.SL[2].AutoStart";"T02_PLCALS_0301";"01";"ESP-Core";"";"1";"50";"1";"ESP-Core";" ";"PLC";"";"0"
"ESP-Core";".ESAlarms.SL[2].FltSourceCyl";"T02_PLCALS_0302";"01";"ESP-Core";"";"1";"50";"1";"ESP-Core";" ";"PLC";"";"0"
"ESP-Core";".ESAlarms.SL[2].FltLoadZMR";"T02_PLCALS_0303";"01";"ESP-Core";"";"1";"50";"1";"ESP-Core";" ";"PLC";"";"0"
"ESP-Core";".ESAlarms.SL[2].FltReflowQMP";"T02_PLCALS_0304";"01";"ESP-Core";"";"1";"50";"1";"ESP-Core";" ";"PLC";"";"0"
"ESP-Core";".ESAlarms.SL[2].FltLoadZFS";"T02_PLCALS_0305";"01";"ESP-Core";"";"1";"50";"1";"ESP-Core";" ";"PLC";"";"0"
"ESP-Core";".ESAlarms.SL[2].FltLoadQFS";"T02_PLCALS_0306";"01";"ESP-Core";"";"1";"50";"1";"ESP-Core";" ";"PLC";"";"0"
"ESP-Core";".ESAlarms.SL[2].FltNotReady";"T02_PLCALS_0307";"01";"ESP-Core";"";"1";"50";"1";"ESP-Core";" ";"PLC";"";"0"
"ESP-Core";".ESAlarms.SL[2].FltScrCycles";"T02_PLCALS_0308";"01";"ESP-Core";"";"1";"50";"1";"ESP-Core";" ";"PLC";"";"0"
"ESP-Core";".ESAlarms.SL[2].FltHoseCycles";"T02_PLCALS_0309";"01";"ESP-Core";"";"1";"50";"1";"ESP-Core";" ";"PLC";"";"0"
"ESP-Core";".ESAlarms.SL[2].FltDest";"T02_PLCALS_0310";"01";"ESP-Core";"";"1";"50";"1";"ESP-Core";" ";"PLC";"";"0"
"ESP-Core";".ESAlarms.SL[2].FltMSD";"T02_PLCALS_0311";"01";"ESP-Core";"";"1";"50";"1";"ESP-Core";" ";"PLC";"";"0"
"ESP-Core";".ESAlarms.SL[2].WarnReflowQMR";"T02_PLCALS_0312";"01";"ESP-Core";"";"1";"50";"1";"ESP-Core";" ";"PLC";"";"0"
"ESP-Core";".ESAlarms.SL[2].WarnLoadQMP";"T02_PLCALS_0313";"01";"ESP-Core";"";"1";"50";"1";"ESP-Core";" ";"PLC";"";"0"
"ESP-Core";".ESAlarms.SL[2].WarnScrCycles";"T02_PLCALS_0314";"01";"ESP-Core";"";"1";"50";"1";"ESP-Core";" ";"PLC";"";"0"
"ESP-Core";".ESAlarms.SL[2].WarnHoseCycles";"T02_PLCALS_0315";"01";"ESP-Core";"";"1";"50";"1";"ESP-Core";" ";"PLC";"";"0"
"ESP-Core";".ESAlarms.SL[2].WarnGen";"T02_PLCALS_0316";"01";"ESP-Core";"";"1";"50";"1";"ESP-Core";" ";"PLC";"";"0"
"ESP-Core";".ESAlarms.SL[2].General";"T02_PLCALS_0317";"01";"ESP-Core";"";"1";"50";"1";"ESP-Core";" ";"PLC";"";"0"
"ESP-Core";".ESAlarms.SL[3].Interlock_1";"T02_PLCALS_0318";"01";"ESP-Core";"";"1";"50";"1";"ESP-Core";" ";"PLC";"";"0"
"ESP-Core";".ESAlarms.SL[3].Interlock_2";"T02_PLCALS_0319";"01";"ESP-Core";"";"1";"50";"1";"ESP-Core";" ";"PLC";"";"0"
"ESP-Core";".ESAlarms.SL[3].CleanNr";"T02_PLCALS_0320";"01";"ESP-Core";"";"1";"50";"1";"ESP-Core";" ";"PLC";"";"0"
"ESP-Core";".ESAlarms.SL[3].LoadNr";"T02_PLCALS_0321";"01";"ESP-Core";"";"1";"50";"1";"ESP-Core";" ";"PLC";"";"0"
"ESP-Core";".ESAlarms.SL[3].CleanTimeout";"T02_PLCALS_0322";"01";"ESP-Core";"";"1";"50";"1";"ESP-Core";" ";"PLC";"";"0"
"ESP-Core";".ESAlarms.SL[3].LoadTimeout";"T02_PLCALS_0323";"01";"ESP-Core";"";"1";"50";"1";"ESP-Core";" ";"PLC";"";"0"
"ESP-Core";".ESAlarms.SL[3].AutoStart";"T02_PLCALS_0324";"01";"ESP-Core";"";"1";"50";"1";"ESP-Core";" ";"PLC";"";"0"
"ESP-Core";".ESAlarms.SL[3].FltSourceCyl";"T02_PLCALS_0325";"01";"ESP-Core";"";"1";"50";"1";"ESP-Core";" ";"PLC";"";"0"
"ESP-Core";".ESAlarms.SL[3].FltLoadZMR";"T02_PLCALS_0326";"01";"ESP-Core";"";"1";"50";"1";"ESP-Core";" ";"PLC";"";"0"
"ESP-Core";".ESAlarms.SL[3].FltReflowQMP";"T02_PLCALS_0327";"01";"ESP-Core";"";"1";"50";"1";"ESP-Core";" ";"PLC";"";"0"
"ESP-Core";".ESAlarms.SL[3].FltLoadZFS";"T02_PLCALS_0328";"01";"ESP-Core";"";"1";"50";"1";"ESP-Core";" ";"PLC";"";"0"
"ESP-Core";".ESAlarms.SL[3].FltLoadQFS";"T02_PLCALS_0329";"01";"ESP-Core";"";"1";"50";"1";"ESP-Core";" ";"PLC";"";"0"
"ESP-Core";".ESAlarms.SL[3].FltNotReady";"T02_PLCALS_0330";"01";"ESP-Core";"";"1";"50";"1";"ESP-Core";" ";"PLC";"";"0"
"ESP-Core";".ESAlarms.SL[3].FltScrCycles";"T02_PLCALS_0331";"01";"ESP-Core";"";"1";"50";"1";"ESP-Core";" ";"PLC";"";"0"
"ESP-Core";".ESAlarms.SL[3].FltHoseCycles";"T02_PLCALS_0332";"01";"ESP-Core";"";"1";"50";"1";"ESP-Core";" ";"PLC";"";"0"
"ESP-Core";".ESAlarms.SL[3].FltDest";"T02_PLCALS_0333";"01";"ESP-Core";"";"1";"50";"1";"ESP-Core";" ";"PLC";"";"0"
"ESP-Core";".ESAlarms.SL[3].FltMSD";"T02_PLCALS_0334";"01";"ESP-Core";"";"1";"50";"1";"ESP-Core";" ";"PLC";"";"0"
"ESP-Core";".ESAlarms.SL[3].WarnReflowQMR";"T02_PLCALS_0335";"01";"ESP-Core";"";"1";"50";"1";"ESP-Core";" ";"PLC";"";"0"
"ESP-Core";".ESAlarms.SL[3].WarnLoadQMP";"T02_PLCALS_0336";"01";"ESP-Core";"";"1";"50";"1";"ESP-Core";" ";"PLC";"";"0"
"ESP-Core";".ESAlarms.SL[3].WarnScrCycles";"T02_PLCALS_0337";"01";"ESP-Core";"";"1";"50";"1";"ESP-Core";" ";"PLC";"";"0"
"ESP-Core";".ESAlarms.SL[3].WarnHoseCycles";"T02_PLCALS_0338";"01";"ESP-Core";"";"1";"50";"1";"ESP-Core";" ";"PLC";"";"0"
"ESP-Core";".ESAlarms.SL[3].WarnGen";"T02_PLCALS_0339";"01";"ESP-Core";"";"1";"50";"1";"ESP-Core";" ";"PLC";"";"0"
"ESP-Core";".ESAlarms.SL[3].General";"T02_PLCALS_0340";"01";"ESP-Core";"";"1";"50";"1";"ESP-Core";" ";"PLC";"";"0"
"ESP-Core";".ESAlarms.SL[4].Interlock_1";"T02_PLCALS_0341";"01";"ESP-Core";"";"1";"50";"1";"ESP-Core";" ";"PLC";"";"0"
"ESP-Core";".ESAlarms.SL[4].Interlock_2";"T02_PLCALS_0342";"01";"ESP-Core";"";"1";"50";"1";"ESP-Core";" ";"PLC";"";"0"
"ESP-Core";".ESAlarms.SL[4].CleanNr";"T02_PLCALS_0343";"01";"ESP-Core";"";"1";"50";"1";"ESP-Core";" ";"PLC";"";"0"
"ESP-Core";".ESAlarms.SL[4].LoadNr";"T02_PLCALS_0344";"01";"ESP-Core";"";"1";"50";"1";"ESP-Core";" ";"PLC";"";"0"
"ESP-Core";".ESAlarms.SL[4].CleanTimeout";"T02_PLCALS_0345";"01";"ESP-Core";"";"1";"50";"1";"ESP-Core";" ";"PLC";"";"0"
"ESP-Core";".ESAlarms.SL[4].LoadTimeout";"T02_PLCALS_0346";"01";"ESP-Core";"";"1";"50";"1";"ESP-Core";" ";"PLC";"";"0"
"ESP-Core";".ESAlarms.SL[4].AutoStart";"T02_PLCALS_0347";"01";"ESP-Core";"";"1";"50";"1";"ESP-Core";" ";"PLC";"";"0"
"ESP-Core";".ESAlarms.SL[4].FltSourceCyl";"T02_PLCALS_0348";"01";"ESP-Core";"";"1";"50";"1";"ESP-Core";" ";"PLC";"";"0"
"ESP-Core";".ESAlarms.SL[4].FltLoadZMR";"T02_PLCALS_0349";"01";"ESP-Core";"";"1";"50";"1";"ESP-Core";" ";"PLC";"";"0"
"ESP-Core";".ESAlarms.SL[4].FltReflowQMP";"T02_PLCALS_0350";"01";"ESP-Core";"";"1";"50";"1";"ESP-Core";" ";"PLC";"";"0"
"ESP-Core";".ESAlarms.SL[4].FltLoadZFS";"T02_PLCALS_0351";"01";"ESP-Core";"";"1";"50";"1";"ESP-Core";" ";"PLC";"";"0"
"ESP-Core";".ESAlarms.SL[4].FltLoadQFS";"T02_PLCALS_0352";"01";"ESP-Core";"";"1";"50";"1";"ESP-Core";" ";"PLC";"";"0"
"ESP-Core";".ESAlarms.SL[4].FltNotReady";"T02_PLCALS_0353";"01";"ESP-Core";"";"1";"50";"1";"ESP-Core";" ";"PLC";"";"0"
"ESP-Core";".ESAlarms.SL[4].FltScrCycles";"T02_PLCALS_0354";"01";"ESP-Core";"";"1";"50";"1";"ESP-Core";" ";"PLC";"";"0"
"ESP-Core";".ESAlarms.SL[4].FltHoseCycles";"T02_PLCALS_0355";"01";"ESP-Core";"";"1";"50";"1";"ESP-Core";" ";"PLC";"";"0"
"ESP-Core";".ESAlarms.SL[4].FltDest";"T02_PLCALS_0356";"01";"ESP-Core";"";"1";"50";"1";"ESP-Core";" ";"PLC";"";"0"
"ESP-Core";".ESAlarms.SL[4].FltMSD";"T02_PLCALS_0357";"01";"ESP-Core";"";"1";"50";"1";"ESP-Core";" ";"PLC";"";"0"
"ESP-Core";".ESAlarms.SL[4].WarnReflowQMR";"T02_PLCALS_0358";"01";"ESP-Core";"";"1";"50";"1";"ESP-Core";" ";"PLC";"";"0"
"ESP-Core";".ESAlarms.SL[4].WarnLoadQMP";"T02_PLCALS_0359";"01";"ESP-Core";"";"1";"50";"1";"ESP-Core";" ";"PLC";"";"0"
"ESP-Core";".ESAlarms.SL[4].WarnScrCycles";"T02_PLCALS_0360";"01";"ESP-Core";"";"1";"50";"1";"ESP-Core";" ";"PLC";"";"0"
"ESP-Core";".ESAlarms.SL[4].WarnHoseCycles";"T02_PLCALS_0361";"01";"ESP-Core";"";"1";"50";"1";"ESP-Core";" ";"PLC";"";"0"
"ESP-Core";".ESAlarms.SL[4].WarnGen";"T02_PLCALS_0362";"01";"ESP-Core";"";"1";"50";"1";"ESP-Core";" ";"PLC";"";"0"
"ESP-Core";".ESAlarms.SL[4].General";"T02_PLCALS_0363";"01";"ESP-Core";"";"1";"50";"1";"ESP-Core";" ";"PLC";"";"0"
